-- phpMyAdmin SQL Dump
-- version 4.4.15.9
-- https://www.phpmyadmin.net
--
-- Host: localhost
-- Generation Time: Oct 30, 2018 at 01:30 AM
-- Server version: 5.6.37
-- PHP Version: 5.6.31

SET SQL_MODE = "NO_AUTO_VALUE_ON_ZERO";
SET time_zone = "+00:00";


/*!40101 SET @OLD_CHARACTER_SET_CLIENT=@@CHARACTER_SET_CLIENT */;
/*!40101 SET @OLD_CHARACTER_SET_RESULTS=@@CHARACTER_SET_RESULTS */;
/*!40101 SET @OLD_COLLATION_CONNECTION=@@COLLATION_CONNECTION */;
/*!40101 SET NAMES utf8mb4 */;

--
-- Database: `sbu_oapps`
--

-- --------------------------------------------------------

--
-- Table structure for table `accounts`
--

CREATE TABLE IF NOT EXISTS `accounts` (
  `Account_ID` varchar(10) NOT NULL,
  `Pass` text NOT NULL,
  `Organization` varchar(50) NOT NULL,
  `EmailAddress` text NOT NULL,
  `ContactNumber` text NOT NULL,
  `FullName` text NOT NULL,
  `Batch` text NOT NULL,
  `Type` text NOT NULL,
  `Position` text NOT NULL
) ENGINE=InnoDB DEFAULT CHARSET=latin1;

--
-- Dumping data for table `accounts`
--

INSERT INTO `accounts` (`Account_ID`, `Pass`, `Organization`, `EmailAddress`, `ContactNumber`, `FullName`, `Batch`, `Type`, `Position`) VALUES
('BACES', '$2y$12$ciJ9IYWYxjHdDxeYHd.jZ.8Irk3iN.cEV/XM1IT2HwV2VMvq74ba6', 'Bedan Advocacy and Consciousness Enhancement Socie', 'baces@sanbeda.edu.ph', '639186758493', 'Don Pedro Fernando', '2018-2019', 'NonPro', 'Representative'),
('BBS', '$2y$12$g41bvQ2v9OUcQApDNX/2OOKvKnORWD.7HnADufZfDA58NDICCOM0i', 'Bedan Business Spectrum', 'bbsf@sanbeda.edu.ph', '639186054395', 'Joseph Howard Stalin', '2018-2019', 'NonPro', 'Representative'),
('BDT', '$2y$12$1X0PJ7r/CG7eoEMEWEvLIOcov1VxKqWn8kxnsujdCqlv8F03/0Cpm', 'Bedan Dance Theatre', 'bdt@sanbeda.edu.ph', '+639055356312', 'Juan Gabriel Pedro', '2018-2019', 'NonPro', 'Representative'),
('BITS', '$2y$12$.Nvxa0xvWjqajbKiXbLYCut2wj7QIpI2IG87SXFfb6Fa90wtvOPH6', 'Bedan Information Technology Society', 'bits@sanbeda.edu.ph', '+639055577298', 'Aethan Matthew Ilagan', '2018-2019', 'Pro', 'Representative'),
('BMC', '$2y$12$Q5s1X64bPp5uNUUS9oqqhuD1sjXmQvzW7wcvoCcFCTUySBps2DFP.', 'Bedan Mathematics Circle', 'bmc@sanbeda.edu.ph', '+639123456789', 'Don Diego Fernando', '2018-2019', 'NonPro', 'Representative'),
('BMG', '$2y$12$VpSI/CyxgYmUA4nmO5BKkuYC4rE8w/wMa3MncdTim/GgKRuBuvr0e', 'Bedan Musicians Guild', 'bmg@sanbeda.edu.ph', '639185748392', 'Monique Patalinghug', '2018-2019', 'NonPro', 'Representative'),
('BSG', '$2y$12$llbS6RwwbSzK2Nh7fz6ORuwfLZ6Wm1DsJxTR/fnANOu.tZOoGkUUy', 'Bedan Scholars'' Guild', 'bsg@sanbeda.edu.ph', '+639876543210', 'Dwight Howard', '2018-2019', 'NonPro', 'Representative'),
('BV', '$2y$12$Xp9pfmPBteAq3fUBzsB1c./UaTfKDOOy9fJb2o6KtgqLu4Ls4ChAm', 'Bedan Volunteers', 'bv@sanbeda.edu.ph', '639176859403', 'Angelika Gabrielle Corpuz', '2018-2019', 'NonPro', 'Representative'),
('HRDMS', '$2y$12$4N6X0.K1JAVGyWtVXHZUse.NvvhZD7IWIc7L1Zi.FH6TpB8pw3tjy', 'Human Resource Development Management Society', 'hrdms@sanbeda.edu.ph', '6399867594123', 'Gabrielle Jonah Santos', '2018-2019', 'Pro', 'Representative'),
('JBLC', '$2y$12$VEun91RZA4zIkhyeroLpm.1M0dZj3Tonr3CIcpBWqHx/inbUJ.QM.', 'Junior Bedan Law Circle', 'jblc@sanbeda.edu.ph', '6391567891013', 'Nicole Jaime Gatchalian', '2018-2019', 'Pro', 'Representative'),
('JFINMA', '$2y$12$m8jmHfsLScITt54BG5pWouIyJ1t8F1vSX1b1OP0C1FVzMbSHtkgPa', 'Junior Financial Management Association', 'jfm@sanbeda.edu.ph', '639762345610', 'Henry Harold Sy', '2018-2019', 'Pro', 'Representative'),
('JPIA', '$2y$12$25ZnYEy.4cCI18nh9YAXk.5fXaYms6vgZuTPvOD8u/68RqjbibV7a', 'Junior Philippine Institute of Accountants', 'jpia@sanbeda.edu.ph', '+639077298534', 'Mei Cruz', '2018-2019', 'Pro', 'Representative'),
('KASB', '$2y$12$e9jXjcxa3vTvRSXHC7VaLu4TIicCndQzD13uQhekXQHu1.TOfGbie', 'Kapisanang Agham ng San Beda', 'kasb@sanbeda.edu.ph', '639768654789', 'Don Juan Fernando', '2018-2019', 'Pro', 'Representative'),
('ManSoc', '$2y$12$Fw3UKBs3LdUCUG5012hBZesk6zKGzSCL414p0qqyUe2YQq/3ox.Ia', 'Management and Entrepreneurship Society', 'mansoc@sanbeda.edu.ph', '639156799102', 'Reagan James Ronald', '2018-2019', 'Pro', 'Representative'),
('OD', '$2y$12$2WTJLFnQcbHmf84YR1gNROGzP8dGtiBqBPhnIbau7zIt062zCp8D2', 'Office of the Dean', 'dean_cas@sanbeda.edu.ph', '+639192847560', 'Christian Brian Bustamante', '2018-2019', 'N/A', 'Dean'),
('OPSA_APN', '$2y$12$VMmSZC86GS7AfiDs5APxBu2HFgBPflbc44Ytcg6f0epbkFwADzcZK', 'Office of the Prefect of Student Activities', 'opsa_ap1@sanbeda.edu.ph', '+639119922888', 'Sybil Agreda', '2018-2019', 'N/A', 'Assistant Prefect (Non-Professional)'),
('OPSA_APP', '$2y$12$2kR/g.q5v9vpAH0DTMplU.06at9APbFCCzKVrR0FkrOqdG/fvVwru', 'Office of the Prefect of Student Activities', 'opsa_app@sanbeda.edu.ph', '+639955887733', 'Julius Tutor', '2018-2019', 'N/A', 'Assistant Prefect (Professional)'),
('OPSA_P', '$2y$12$aGc.JZ.156Pjl/8qoD0louTqrf/1h.Qe3yRA1RAYhCsXmp8PIapuG', 'Office of the Prefect of Student Activities', 'opsa_prefect@sanbeda.edu.ph', '+639981276345', 'Marvin Reyes', '2018-2019', 'N/A', 'Prefect'),
('PSSBU', '$2y$12$dXt6UMrAsbESX1hKBAoI5uNEx1VHP8FJLebSjkg8icaU9e.ZlWpkK', 'Psychology Society of San Beda University', 'pssbu@sanbeda.edu.ph', '639776584321', 'Angelika Gabrielle Corpuz', '2018-2019', 'Pro', 'Representative'),
('SBDS', '$2y$12$oX5VwDHJEpP5o7xDwyO3/OWcCxBevgja9zR/tRkp2WftaA7vFoJDu', 'San Beda Debate Society', 'sbds@sanbeda.edu.ph', '639156783920', 'Joaquin Holala Oasis', '2018-2019', 'NonPro', 'Representative'),
('SBEC', '$2y$12$Q2WOOCO3fxlrfaxV3oFkh.eiNIXGpJyLRY1ld/9R5RE/XvwRl/A6q', 'San Beda English Club', 'sbec@sanbeda.edu.ph', '639177586943', 'John Doe', '2018-2019', 'NonPro', 'Representative'),
('SBES', '$2y$12$hVWw/qHcQOQJvymezxNAj.AKIiZ4SQId3pZwhE1QiRpRIYbCwt0nK', 'San Beda Economics Society', 'sbes@sanbeda.edu.ph', '639156789102', 'Melchora Aquino', '2018-2019', 'Pro', 'Representative'),
('SBJMA', '$2y$12$S7FAyiUOkGHTjc5TgZq5T.tIYFK6avBHeZhLFSNzCW2MKRwtcZFwO', 'San Beda Junior Marketing Association', 'sbjma@sanbeda.edu.ph', '639177685932', 'John Doe', '2018-2019', 'Pro', 'Representative'),
('SBRL', '$2y$12$v/aKCONnwxBvBPqLGpDVh.Ztv6v4gAArYCmasmD6FeHF/cbRMY8GW', 'San Beda Red Lens', 'sbrl@sanbeda.edu.ph', '639778901234', 'Macxmil De Ramos', '2018-2019', 'NonPro', 'Representative'),
('SC', '$2y$12$Q5i25i7zpxND.k10BfIK9uUhgjq5EmBCWgiTzoK/a.Hu0usrBPUrC', 'Student Council', 'representative_sc@sanbeda.edu.ph', '+639155356312', 'Emman Cayabyab', '2018-2019', 'Pro', 'Representative'),
('SC_P', '$2y$12$8Rr4mvXZeDTYkhsfXuY7deb6y9Bnpv8HxNDsMnauFcpIqvM4W.zWS', 'Student Council', 'sc_pres@sanbeda.edu.ph', '+639876567890', 'Arapat Mustapha', '2018-2019', 'N/A', 'President'),
('SC_SG', '$2y$12$.YHBgu4wH20b9Mq5NXulVu/aKs0WjDpBXBZWpt41smt8.fIvzALZG', 'Student Council', 'sc_sec@sanbeda.edu.ph', '+639876567432', 'Chavi Levine Reyes', '2018-2019', 'N/A', 'Secretary-General'),
('SC_TR', '$2y$12$3VenrxD2BQy0147s0WSA8O8e.cgC22bmPEc0Eb.e7H/zt287QMTge', 'Student Council', 'sc_tr@sanbeda.edu.ph', '+639156391022', 'Aaron Darnell Salonga', '2018-2019', 'N/A', 'Treasurer'),
('SOMS', '$2y$12$KdMYQjXr.S8nHQhUZil2AuGyG.SlYdDey69oC6.t7lOoZcPlJhFLm', 'Society of Operations Management Students', 'soms@sanbeda.edu.ph', '639156789012', 'Derrick Henry Rose', '2018-2019', 'Pro', 'Representative'),
('SSHA', '$2y$12$eCQoRm4JAEH6/bO2L0yzS.WMOZVmyFwch6lHW6abLgACqz9GvWYwq', 'Social Sciences and Humanities Association', 'ssha@sanbeda.edu.ph', '639102349123', 'Timothy James Buan', '2018-2019', 'NonPro', 'Representative'),
('UNESCO', '$2y$12$y1GdY9JleSg42CVeImV7IuSP6xldvUDafK6D21B0E6QKeg15wuF3W', 'UNESCO Youth Club of San Beda', 'josephgutierrez@sanbeda.edu.ph', '09178506008', 'Joseph Gutierrez', '2018-2019', 'NonPro', 'Representative');

-- --------------------------------------------------------

--
-- Table structure for table `activity_proposal`
--

CREATE TABLE IF NOT EXISTS `activity_proposal` (
  `Proposal_ID` varchar(10) NOT NULL,
  `Account_ID` varchar(10) NOT NULL,
  `ActivityName` text NOT NULL,
  `DateActivity` text NOT NULL,
  `StartTime` text NOT NULL,
  `EndTime` text NOT NULL,
  `Nature` text NOT NULL,
  `Rationale` text NOT NULL,
  `ActivityChair` text NOT NULL,
  `ChairContactNumber` text NOT NULL,
  `Participants` text NOT NULL,
  `ActivityVenue` text NOT NULL,
  `ProposalType1` text NOT NULL,
  `Partners` text NOT NULL,
  `ProposalType2` text NOT NULL,
  `NonAcademicType` text NOT NULL,
  `Specified` text NOT NULL,
  `ProposalStatus` text NOT NULL,
  `OfficeProposal` text NOT NULL
) ENGINE=InnoDB DEFAULT CHARSET=latin1;

--
-- Dumping data for table `activity_proposal`
--

INSERT INTO `activity_proposal` (`Proposal_ID`, `Account_ID`, `ActivityName`, `DateActivity`, `StartTime`, `EndTime`, `Nature`, `Rationale`, `ActivityChair`, `ChairContactNumber`, `Participants`, `ActivityVenue`, `ProposalType1`, `Partners`, `ProposalType2`, `NonAcademicType`, `Specified`, `ProposalStatus`, `OfficeProposal`) VALUES
('1407', 'BITS', 'tae', '1201-12-09', '00:00', '12:00', 'bar', 'baz', 'foo', 'bar', 'bqx', 'foo', 'Independent', '', '', '', '', 'PENDING', 'SC_P'),
('1941', 'BBS', 'tae', '2018-12-19', '22:00', '10:00', 'hehehe', 'haha', 'ye', 'haha', 'ughhhh', 'bar', 'Collaborative', 'San Beda Red Lens', 'Non-Academic', 'Co-Curricular', 'U.P SITF', 'PENDING', 'SC_SG'),
('3457', 'PSSBU', 'Hulaan mo', '', '', '', '', '', '', '', '', '', '', '', '', '', '', 'DRAFT', 'N/A'),
('4969', 'BITS', 'Trend Micro Conference', '2018-12-09', '13:00', '17:00', 'Trend Micro', 'foo', 'Emman Cayabyab', '+639055577298', 'San Beda University I.T. students', 'EDSA Shangri-la', 'Independent', '', 'Academic', '', '', 'PENDING', 'SC_P'),
('5275', 'SBRL', 'tae', '2018-12-09', '00:00', '12:00', 'bar', 'baz', 'foo', 'bar', 'qux', 'foo', 'Independent', '', 'Academic', '', '', 'PENDING', 'SC_SG'),
('5530', 'SSHA', 'taeee', '', '', '', '', '', '', '', '', '', '', '', '', '', '', 'DRAFT', 'N/A'),
('8071', 'BITS', 'mistakes and tragedy', '', '', '', '', '', '', '', '', '', '', '', '', '', '', 'DRAFT', 'N/A'),
('8114', 'SSHA', 'dokidoki', '', '', '', '', '', '', '', '', '', '', '', '', '', '', 'DRAFT', 'N/A'),
('8321', 'SSHA', 'tae', '', '', '', '', '', '', '', '', '', '', '', '', '', '', 'DRAFT', 'N/A'),
('8891', 'BITS', 'teadd', '0199-12-12', '00:00', '12:00', '', 'dasd', 'foo', 'adsjdk', 'dasda', 'bar', 'Collaborative', 'test', 'Academic', '', '', 'DRAFT', 'N/A'),
('9074', 'BITS', 'Sample', '8888-12-06', '02:02', '07:07', 'jkhuhjkh', 'jhjk', ',jnjh', 'mnj,nnbm', 'nmbmn', 'nbmbmn', 'Independent', '', 'Academic', '', '', 'APPROVED', 'OD'),
('9474', 'SBRL', 'Test', '', '', '', '', '', '', '', '', '', '', '', '', '', '', 'DRAFT', 'N/A'),
('9545', 'SBRL', 'Test', '', '', '', '', '', '', '', '', '', '', '', '', '', '', 'DRAFT', 'N/A'),
('9589', 'SBRL', 'dasdad', '', '', '', '', '', '', '', '', '', '', '', '', '', '', 'DRAFT', 'N/A');

-- --------------------------------------------------------

--
-- Table structure for table `admin`
--

CREATE TABLE IF NOT EXISTS `admin` (
  `Admin_ID` varchar(10) NOT NULL,
  `FullName` varchar(50) NOT NULL,
  `Pass` text NOT NULL
) ENGINE=InnoDB DEFAULT CHARSET=latin1;

--
-- Dumping data for table `admin`
--

INSERT INTO `admin` (`Admin_ID`, `FullName`, `Pass`) VALUES
('TS_BITS', 'Aethan Matthew Ilagan', '$2y$12$.Nvxa0xvWjqajbKiXbLYCut2wj7QIpI2IG87SXFfb6Fa90wtvOPH6');

-- --------------------------------------------------------

--
-- Table structure for table `ci_sessions`
--

CREATE TABLE IF NOT EXISTS `ci_sessions` (
  `id` varchar(128) NOT NULL,
  `ip_address` varchar(45) NOT NULL,
  `timestamp` int(10) unsigned NOT NULL DEFAULT '0',
  `data` blob NOT NULL
) ENGINE=InnoDB DEFAULT CHARSET=latin1;

--
-- Dumping data for table `ci_sessions`
--

INSERT INTO `ci_sessions` (`id`, `ip_address`, `timestamp`, `data`) VALUES
('vijr15t1ojbb8p1u6f7cptr3qtl0vb18', '::1', 1540425792, 0x5f5f63695f6c6173745f726567656e65726174657c693a313534303432353739323b),
('bf505p73skherdag81anetbquuk55i33', '::1', 1540524180, 0x5f5f63695f6c6173745f726567656e65726174657c693a313534303532343035333b6163636f756e745f69647c733a333a22424253223b6f7267616e697a6174696f6e7c733a32333a22426564616e20427573696e65737320537065637472756d223b656d61696c5f616464726573737c733a31393a22626273664073616e626564612e6564752e7068223b636f6e746163745f6e756d6265727c733a31323a22363339313836303534333935223b66756c6c5f6e616d657c733a32303a224a6f7365706820486f77617264205374616c696e223b62617463687c733a393a22323031382d32303139223b6f72675f747970657c733a363a224e6f6e50726f223b706f736974696f6e7c733a31343a22526570726573656e746174697665223b7072656669787c733a333a22424253223b6c6f676765645f696e7c623a313b757365725f747970657c693a303b),
('qp850kl20qvpc1ngb9sdimhkj65r7ebd', '::1', 1540524369, 0x5f5f63695f6c6173745f726567656e65726174657c693a313534303532343336303b6163636f756e745f69647c733a353a2253435f5347223b6f7267616e697a6174696f6e7c733a31353a2253747564656e7420436f756e63696c223b656d61696c5f616464726573737c733a32313a2273635f7365634073616e626564612e6564752e7068223b636f6e746163745f6e756d6265727c733a31333a222b363339383736353637343332223b66756c6c5f6e616d657c733a31383a224368617669204c6576696e65205265796573223b62617463687c733a393a22323031382d32303139223b6f72675f747970657c733a333a224e2f41223b706f736974696f6e7c733a31373a225365637265746172792d47656e6572616c223b7072656669787c733a323a225343223b6c6f676765645f696e7c623a313b757365725f747970657c693a303b),
('c2ni72b760vq2dsqma03evtqp340ared', '::1', 1540527659, 0x5f5f63695f6c6173745f726567656e65726174657c693a313534303532353437333b6163636f756e745f69647c733a353a2253435f5347223b6f7267616e697a6174696f6e7c733a31353a2253747564656e7420436f756e63696c223b656d61696c5f616464726573737c733a32313a2273635f7365634073616e626564612e6564752e7068223b636f6e746163745f6e756d6265727c733a31333a222b363339383736353637343332223b66756c6c5f6e616d657c733a31383a224368617669204c6576696e65205265796573223b62617463687c733a393a22323031382d32303139223b6f72675f747970657c733a333a224e2f41223b706f736974696f6e7c733a31373a225365637265746172792d47656e6572616c223b7072656669787c733a323a225343223b6c6f676765645f696e7c623a313b757365725f747970657c693a303b),
('2plfdt095nsjap2dp163lrgc8n3760vt', '::1', 1540527921, 0x5f5f63695f6c6173745f726567656e65726174657c693a313534303532373931353b6163636f756e745f69647c733a353a2253435f5347223b6f7267616e697a6174696f6e7c733a31353a2253747564656e7420436f756e63696c223b656d61696c5f616464726573737c733a32313a2273635f7365634073616e626564612e6564752e7068223b636f6e746163745f6e756d6265727c733a31333a222b363339383736353637343332223b66756c6c5f6e616d657c733a31383a224368617669204c6576696e65205265796573223b62617463687c733a393a22323031382d32303139223b6f72675f747970657c733a333a224e2f41223b706f736974696f6e7c733a31373a225365637265746172792d47656e6572616c223b7072656669787c733a323a225343223b6c6f676765645f696e7c623a313b757365725f747970657c693a303b),
('dnjj3dm4nkbqed7jvoiherdsnup6monc', '::1', 1540528842, 0x5f5f63695f6c6173745f726567656e65726174657c693a313534303532383538313b6163636f756e745f69647c733a353a2253435f5347223b6f7267616e697a6174696f6e7c733a31353a2253747564656e7420436f756e63696c223b656d61696c5f616464726573737c733a32313a2273635f7365634073616e626564612e6564752e7068223b636f6e746163745f6e756d6265727c733a31333a222b363339383736353637343332223b66756c6c5f6e616d657c733a31383a224368617669204c6576696e65205265796573223b62617463687c733a393a22323031382d32303139223b6f72675f747970657c733a333a224e2f41223b706f736974696f6e7c733a31373a225365637265746172792d47656e6572616c223b7072656669787c733a323a225343223b6c6f676765645f696e7c623a313b757365725f747970657c693a303b),
('4v8ii9n1l59odtb1d8itc63ajfvt7gjl', '::1', 1540529126, 0x5f5f63695f6c6173745f726567656e65726174657c693a313534303532383931353b6163636f756e745f69647c733a353a2253435f5347223b6f7267616e697a6174696f6e7c733a31353a2253747564656e7420436f756e63696c223b656d61696c5f616464726573737c733a32313a2273635f7365634073616e626564612e6564752e7068223b636f6e746163745f6e756d6265727c733a31333a222b363339383736353637343332223b66756c6c5f6e616d657c733a31383a224368617669204c6576696e65205265796573223b62617463687c733a393a22323031382d32303139223b6f72675f747970657c733a333a224e2f41223b706f736974696f6e7c733a31373a225365637265746172792d47656e6572616c223b7072656669787c733a323a225343223b6c6f676765645f696e7c623a313b757365725f747970657c693a303b),
('t607g07gdca6651ldiaakaeljqcjfh1v', '::1', 1540529397, 0x5f5f63695f6c6173745f726567656e65726174657c693a313534303532393335383b6163636f756e745f69647c733a353a2253435f5347223b6f7267616e697a6174696f6e7c733a31353a2253747564656e7420436f756e63696c223b656d61696c5f616464726573737c733a32313a2273635f7365634073616e626564612e6564752e7068223b636f6e746163745f6e756d6265727c733a31333a222b363339383736353637343332223b66756c6c5f6e616d657c733a31383a224368617669204c6576696e65205265796573223b62617463687c733a393a22323031382d32303139223b6f72675f747970657c733a333a224e2f41223b706f736974696f6e7c733a31373a225365637265746172792d47656e6572616c223b7072656669787c733a323a225343223b6c6f676765645f696e7c623a313b757365725f747970657c693a303b),
('qvk7regtn94fv2hjahmk05drjiv7cjdn', '::1', 1540589910, 0x5f5f63695f6c6173745f726567656e65726174657c693a313534303538393738303b6163636f756e745f69647c733a343a2242495453223b6f7267616e697a6174696f6e7c733a33363a22426564616e20496e666f726d6174696f6e20546563686e6f6c6f677920536f6369657479223b656d61696c5f616464726573737c733a31393a22626974734073616e626564612e6564752e7068223b636f6e746163745f6e756d6265727c733a31333a222b363339303535353737323938223b66756c6c5f6e616d657c733a32313a2241657468616e204d61747468657720496c6167616e223b62617463687c733a393a22323031382d32303139223b6f72675f747970657c733a333a2250726f223b706f736974696f6e7c733a31343a22526570726573656e746174697665223b7072656669787c733a343a2242495453223b6c6f676765645f696e7c623a313b757365725f747970657c693a303b),
('v4gqqj17lhlf2jkl9dpnogls5n4s18ap', '::1', 1540591397, 0x5f5f63695f6c6173745f726567656e65726174657c693a313534303539313332303b6163636f756e745f69647c733a343a2242495453223b6f7267616e697a6174696f6e7c733a33363a22426564616e20496e666f726d6174696f6e20546563686e6f6c6f677920536f6369657479223b656d61696c5f616464726573737c733a31393a22626974734073616e626564612e6564752e7068223b636f6e746163745f6e756d6265727c733a31333a222b363339303535353737323938223b66756c6c5f6e616d657c733a32313a2241657468616e204d61747468657720496c6167616e223b62617463687c733a393a22323031382d32303139223b6f72675f747970657c733a333a2250726f223b706f736974696f6e7c733a31343a22526570726573656e746174697665223b7072656669787c733a343a2242495453223b6c6f676765645f696e7c623a313b757365725f747970657c693a303b),
('e9sjrbqlqdplood9174rco5i979d95so', '::1', 1540591729, 0x5f5f63695f6c6173745f726567656e65726174657c693a313534303539313732393b6163636f756e745f69647c733a343a2242495453223b6f7267616e697a6174696f6e7c733a33363a22426564616e20496e666f726d6174696f6e20546563686e6f6c6f677920536f6369657479223b656d61696c5f616464726573737c733a31393a22626974734073616e626564612e6564752e7068223b636f6e746163745f6e756d6265727c733a31333a222b363339303535353737323938223b66756c6c5f6e616d657c733a32313a2241657468616e204d61747468657720496c6167616e223b62617463687c733a393a22323031382d32303139223b6f72675f747970657c733a333a2250726f223b706f736974696f6e7c733a31343a22526570726573656e746174697665223b7072656669787c733a343a2242495453223b6c6f676765645f696e7c623a313b757365725f747970657c693a303b),
('km49kuict9n4s0lkkfiub0d0hp3uqn2v', '::1', 1540592747, 0x5f5f63695f6c6173745f726567656e65726174657c693a313534303539323530393b6163636f756e745f69647c733a343a2242495453223b6f7267616e697a6174696f6e7c733a33363a22426564616e20496e666f726d6174696f6e20546563686e6f6c6f677920536f6369657479223b656d61696c5f616464726573737c733a31393a22626974734073616e626564612e6564752e7068223b636f6e746163745f6e756d6265727c733a31333a222b363339303535353737323938223b66756c6c5f6e616d657c733a32313a2241657468616e204d61747468657720496c6167616e223b62617463687c733a393a22323031382d32303139223b6f72675f747970657c733a333a2250726f223b706f736974696f6e7c733a31343a22526570726573656e746174697665223b7072656669787c733a343a2242495453223b6c6f676765645f696e7c623a313b757365725f747970657c693a303b),
('p1134k6hc6f49tvbah2f8c4dclpusckt', '::1', 1540592818, 0x5f5f63695f6c6173745f726567656e65726174657c693a313534303539323831383b6163636f756e745f69647c733a343a2242495453223b6f7267616e697a6174696f6e7c733a33363a22426564616e20496e666f726d6174696f6e20546563686e6f6c6f677920536f6369657479223b656d61696c5f616464726573737c733a31393a22626974734073616e626564612e6564752e7068223b636f6e746163745f6e756d6265727c733a31333a222b363339303535353737323938223b66756c6c5f6e616d657c733a32313a2241657468616e204d61747468657720496c6167616e223b62617463687c733a393a22323031382d32303139223b6f72675f747970657c733a333a2250726f223b706f736974696f6e7c733a31343a22526570726573656e746174697665223b7072656669787c733a343a2242495453223b6c6f676765645f696e7c623a313b757365725f747970657c693a303b),
('ucqg3q3n9rb3peb7mgj3ssvtfcfsk2no', '::1', 1540593500, 0x5f5f63695f6c6173745f726567656e65726174657c693a313534303539333233323b6163636f756e745f69647c733a343a2242495453223b6f7267616e697a6174696f6e7c733a33363a22426564616e20496e666f726d6174696f6e20546563686e6f6c6f677920536f6369657479223b656d61696c5f616464726573737c733a31393a22626974734073616e626564612e6564752e7068223b636f6e746163745f6e756d6265727c733a31333a222b363339303535353737323938223b66756c6c5f6e616d657c733a32313a2241657468616e204d61747468657720496c6167616e223b62617463687c733a393a22323031382d32303139223b6f72675f747970657c733a333a2250726f223b706f736974696f6e7c733a31343a22526570726573656e746174697665223b7072656669787c733a343a2242495453223b6c6f676765645f696e7c623a313b757365725f747970657c693a303b),
('t9hsmn4dlasm4nk9g2shmjvrpdkpiuun', '::1', 1540593789, 0x5f5f63695f6c6173745f726567656e65726174657c693a313534303539333535363b6163636f756e745f69647c733a343a2242495453223b6f7267616e697a6174696f6e7c733a33363a22426564616e20496e666f726d6174696f6e20546563686e6f6c6f677920536f6369657479223b656d61696c5f616464726573737c733a31393a22626974734073616e626564612e6564752e7068223b636f6e746163745f6e756d6265727c733a31333a222b363339303535353737323938223b66756c6c5f6e616d657c733a32313a2241657468616e204d61747468657720496c6167616e223b62617463687c733a393a22323031382d32303139223b6f72675f747970657c733a333a2250726f223b706f736974696f6e7c733a31343a22526570726573656e746174697665223b7072656669787c733a343a2242495453223b6c6f676765645f696e7c623a313b757365725f747970657c693a303b),
('liggbg9vskdu0gae4h8sodvefgoboqkc', '::1', 1540593928, 0x5f5f63695f6c6173745f726567656e65726174657c693a313534303539333836303b6163636f756e745f69647c733a343a2242495453223b6f7267616e697a6174696f6e7c733a33363a22426564616e20496e666f726d6174696f6e20546563686e6f6c6f677920536f6369657479223b656d61696c5f616464726573737c733a31393a22626974734073616e626564612e6564752e7068223b636f6e746163745f6e756d6265727c733a31333a222b363339303535353737323938223b66756c6c5f6e616d657c733a32313a2241657468616e204d61747468657720496c6167616e223b62617463687c733a393a22323031382d32303139223b6f72675f747970657c733a333a2250726f223b706f736974696f6e7c733a31343a22526570726573656e746174697665223b7072656669787c733a343a2242495453223b6c6f676765645f696e7c623a313b757365725f747970657c693a303b),
('832akj7jbpbgllj05gac8f7sufr8gag5', '::1', 1540594262, 0x5f5f63695f6c6173745f726567656e65726174657c693a313534303539343136343b6163636f756e745f69647c733a343a2242495453223b6f7267616e697a6174696f6e7c733a33363a22426564616e20496e666f726d6174696f6e20546563686e6f6c6f677920536f6369657479223b656d61696c5f616464726573737c733a31393a22626974734073616e626564612e6564752e7068223b636f6e746163745f6e756d6265727c733a31333a222b363339303535353737323938223b66756c6c5f6e616d657c733a32313a2241657468616e204d61747468657720496c6167616e223b62617463687c733a393a22323031382d32303139223b6f72675f747970657c733a333a2250726f223b706f736974696f6e7c733a31343a22526570726573656e746174697665223b7072656669787c733a343a2242495453223b6c6f676765645f696e7c623a313b757365725f747970657c693a303b),
('5jani945tvg07m5hdid3v0c3fea04cbn', '::1', 1540687375, 0x5f5f63695f6c6173745f726567656e65726174657c693a313534303638373039343b6163636f756e745f69647c733a343a2253534841223b6f7267616e697a6174696f6e7c733a34323a22536f6369616c20536369656e63657320616e642048756d616e6974696573204173736f63696174696f6e223b656d61696c5f616464726573737c733a31393a22737368614073616e626564612e6564752e7068223b636f6e746163745f6e756d6265727c733a31323a22363339313032333439313233223b66756c6c5f6e616d657c733a31383a2254696d6f746879204a616d6573204275616e223b62617463687c733a393a22323031382d32303139223b6f72675f747970657c733a363a224e6f6e50726f223b706f736974696f6e7c733a31343a22526570726573656e746174697665223b7072656669787c733a343a2253534841223b6c6f676765645f696e7c623a313b757365725f747970657c693a303b),
('v4de23ggvu5j15airp3rujihmapeneng', '::1', 1540687645, 0x5f5f63695f6c6173745f726567656e65726174657c693a313534303638373339373b6163636f756e745f69647c733a343a2253534841223b6f7267616e697a6174696f6e7c733a34323a22536f6369616c20536369656e63657320616e642048756d616e6974696573204173736f63696174696f6e223b656d61696c5f616464726573737c733a31393a22737368614073616e626564612e6564752e7068223b636f6e746163745f6e756d6265727c733a31323a22363339313032333439313233223b66756c6c5f6e616d657c733a31383a2254696d6f746879204a616d6573204275616e223b62617463687c733a393a22323031382d32303139223b6f72675f747970657c733a363a224e6f6e50726f223b706f736974696f6e7c733a31343a22526570726573656e746174697665223b7072656669787c733a343a2253534841223b6c6f676765645f696e7c623a313b757365725f747970657c693a303b),
('e3je556995st678ie05fj0cknsk0js0b', '::1', 1540688070, 0x5f5f63695f6c6173745f726567656e65726174657c693a313534303638373738323b6163636f756e745f69647c733a343a2253534841223b6f7267616e697a6174696f6e7c733a34323a22536f6369616c20536369656e63657320616e642048756d616e6974696573204173736f63696174696f6e223b656d61696c5f616464726573737c733a31393a22737368614073616e626564612e6564752e7068223b636f6e746163745f6e756d6265727c733a31323a22363339313032333439313233223b66756c6c5f6e616d657c733a31383a2254696d6f746879204a616d6573204275616e223b62617463687c733a393a22323031382d32303139223b6f72675f747970657c733a363a224e6f6e50726f223b706f736974696f6e7c733a31343a22526570726573656e746174697665223b7072656669787c733a343a2253534841223b6c6f676765645f696e7c623a313b757365725f747970657c693a303b),
('2fp5rdg5ebr0hholmp2g4skjoq354rek', '::1', 1540688336, 0x5f5f63695f6c6173745f726567656e65726174657c693a313534303638383134323b6163636f756e745f69647c733a343a2253534841223b6f7267616e697a6174696f6e7c733a34323a22536f6369616c20536369656e63657320616e642048756d616e6974696573204173736f63696174696f6e223b656d61696c5f616464726573737c733a31393a22737368614073616e626564612e6564752e7068223b636f6e746163745f6e756d6265727c733a31323a22363339313032333439313233223b66756c6c5f6e616d657c733a31383a2254696d6f746879204a616d6573204275616e223b62617463687c733a393a22323031382d32303139223b6f72675f747970657c733a363a224e6f6e50726f223b706f736974696f6e7c733a31343a22526570726573656e746174697665223b7072656669787c733a343a2253534841223b6c6f676765645f696e7c623a313b757365725f747970657c693a303b),
('hic0ghqlgmoni7brbcaoae5mrle4i4gk', '::1', 1540688988, 0x5f5f63695f6c6173745f726567656e65726174657c693a313534303638383938373b6163636f756e745f69647c733a343a2253534841223b6f7267616e697a6174696f6e7c733a34323a22536f6369616c20536369656e63657320616e642048756d616e6974696573204173736f63696174696f6e223b656d61696c5f616464726573737c733a31393a22737368614073616e626564612e6564752e7068223b636f6e746163745f6e756d6265727c733a31323a22363339313032333439313233223b66756c6c5f6e616d657c733a31383a2254696d6f746879204a616d6573204275616e223b62617463687c733a393a22323031382d32303139223b6f72675f747970657c733a363a224e6f6e50726f223b706f736974696f6e7c733a31343a22526570726573656e746174697665223b7072656669787c733a343a2253534841223b6c6f676765645f696e7c623a313b757365725f747970657c693a303b),
('j4jd6h3jmh8mekfap71omkbcr0qgi0s5', '::1', 1540689633, 0x5f5f63695f6c6173745f726567656e65726174657c693a313534303638393335303b6163636f756e745f69647c733a343a2253534841223b6f7267616e697a6174696f6e7c733a34323a22536f6369616c20536369656e63657320616e642048756d616e6974696573204173736f63696174696f6e223b656d61696c5f616464726573737c733a31393a22737368614073616e626564612e6564752e7068223b636f6e746163745f6e756d6265727c733a31323a22363339313032333439313233223b66756c6c5f6e616d657c733a31383a2254696d6f746879204a616d6573204275616e223b62617463687c733a393a22323031382d32303139223b6f72675f747970657c733a363a224e6f6e50726f223b706f736974696f6e7c733a31343a22526570726573656e746174697665223b7072656669787c733a343a2253534841223b6c6f676765645f696e7c623a313b757365725f747970657c693a303b),
('g9poqqmbfhckfdotrog99qsv6fv6k3rd', '::1', 1540689904, 0x5f5f63695f6c6173745f726567656e65726174657c693a313534303638393638333b6163636f756e745f69647c733a343a2253534841223b6f7267616e697a6174696f6e7c733a34323a22536f6369616c20536369656e63657320616e642048756d616e6974696573204173736f63696174696f6e223b656d61696c5f616464726573737c733a31393a22737368614073616e626564612e6564752e7068223b636f6e746163745f6e756d6265727c733a31323a22363339313032333439313233223b66756c6c5f6e616d657c733a31383a2254696d6f746879204a616d6573204275616e223b62617463687c733a393a22323031382d32303139223b6f72675f747970657c733a363a224e6f6e50726f223b706f736974696f6e7c733a31343a22526570726573656e746174697665223b7072656669787c733a343a2253534841223b6c6f676765645f696e7c623a313b757365725f747970657c693a303b),
('no6oqdr84enril0l0ga5i6fhn5toqtov', '::1', 1540690327, 0x5f5f63695f6c6173745f726567656e65726174657c693a313534303639303036363b6163636f756e745f69647c733a343a2253534841223b6f7267616e697a6174696f6e7c733a34323a22536f6369616c20536369656e63657320616e642048756d616e6974696573204173736f63696174696f6e223b656d61696c5f616464726573737c733a31393a22737368614073616e626564612e6564752e7068223b636f6e746163745f6e756d6265727c733a31323a22363339313032333439313233223b66756c6c5f6e616d657c733a31383a2254696d6f746879204a616d6573204275616e223b62617463687c733a393a22323031382d32303139223b6f72675f747970657c733a363a224e6f6e50726f223b706f736974696f6e7c733a31343a22526570726573656e746174697665223b7072656669787c733a343a2253534841223b6c6f676765645f696e7c623a313b757365725f747970657c693a303b),
('4v27v7dlthhr6nkiguutqg1fi4qpl0du', '::1', 1540690508, 0x5f5f63695f6c6173745f726567656e65726174657c693a313534303639303338373b6163636f756e745f69647c733a343a2253534841223b6f7267616e697a6174696f6e7c733a34323a22536f6369616c20536369656e63657320616e642048756d616e6974696573204173736f63696174696f6e223b656d61696c5f616464726573737c733a31393a22737368614073616e626564612e6564752e7068223b636f6e746163745f6e756d6265727c733a31323a22363339313032333439313233223b66756c6c5f6e616d657c733a31383a2254696d6f746879204a616d6573204275616e223b62617463687c733a393a22323031382d32303139223b6f72675f747970657c733a363a224e6f6e50726f223b706f736974696f6e7c733a31343a22526570726573656e746174697665223b7072656669787c733a343a2253534841223b6c6f676765645f696e7c623a313b757365725f747970657c693a303b),
('61b6501eap1v57tsmmr022qrc0fg3ois', '::1', 1540691003, 0x5f5f63695f6c6173745f726567656e65726174657c693a313534303639303732373b6163636f756e745f69647c733a343a2253534841223b6f7267616e697a6174696f6e7c733a34323a22536f6369616c20536369656e63657320616e642048756d616e6974696573204173736f63696174696f6e223b656d61696c5f616464726573737c733a31393a22737368614073616e626564612e6564752e7068223b636f6e746163745f6e756d6265727c733a31323a22363339313032333439313233223b66756c6c5f6e616d657c733a31383a2254696d6f746879204a616d6573204275616e223b62617463687c733a393a22323031382d32303139223b6f72675f747970657c733a363a224e6f6e50726f223b706f736974696f6e7c733a31343a22526570726573656e746174697665223b7072656669787c733a343a2253534841223b6c6f676765645f696e7c623a313b757365725f747970657c693a303b),
('fls5kv7tbfue9u2ter5mtpebckts7nur', '::1', 1540691520, 0x5f5f63695f6c6173745f726567656e65726174657c693a313534303639313335323b6163636f756e745f69647c733a343a2253534841223b6f7267616e697a6174696f6e7c733a34323a22536f6369616c20536369656e63657320616e642048756d616e6974696573204173736f63696174696f6e223b656d61696c5f616464726573737c733a31393a22737368614073616e626564612e6564752e7068223b636f6e746163745f6e756d6265727c733a31323a22363339313032333439313233223b66756c6c5f6e616d657c733a31383a2254696d6f746879204a616d6573204275616e223b62617463687c733a393a22323031382d32303139223b6f72675f747970657c733a363a224e6f6e50726f223b706f736974696f6e7c733a31343a22526570726573656e746174697665223b7072656669787c733a343a2253534841223b6c6f676765645f696e7c623a313b757365725f747970657c693a303b),
('opnre8le189f8b9dftv956aoarse4s0g', '::1', 1540692040, 0x5f5f63695f6c6173745f726567656e65726174657c693a313534303639323034303b6163636f756e745f69647c733a343a2253534841223b6f7267616e697a6174696f6e7c733a34323a22536f6369616c20536369656e63657320616e642048756d616e6974696573204173736f63696174696f6e223b656d61696c5f616464726573737c733a31393a22737368614073616e626564612e6564752e7068223b636f6e746163745f6e756d6265727c733a31323a22363339313032333439313233223b66756c6c5f6e616d657c733a31383a2254696d6f746879204a616d6573204275616e223b62617463687c733a393a22323031382d32303139223b6f72675f747970657c733a363a224e6f6e50726f223b706f736974696f6e7c733a31343a22526570726573656e746174697665223b7072656669787c733a343a2253534841223b6c6f676765645f696e7c623a313b757365725f747970657c693a303b),
('10afnen20pi5240q1faqsm3hq5n3m8oi', '::1', 1540692608, 0x5f5f63695f6c6173745f726567656e65726174657c693a313534303639323338393b6163636f756e745f69647c733a343a2253534841223b6f7267616e697a6174696f6e7c733a34323a22536f6369616c20536369656e63657320616e642048756d616e6974696573204173736f63696174696f6e223b656d61696c5f616464726573737c733a31393a22737368614073616e626564612e6564752e7068223b636f6e746163745f6e756d6265727c733a31323a22363339313032333439313233223b66756c6c5f6e616d657c733a31383a2254696d6f746879204a616d6573204275616e223b62617463687c733a393a22323031382d32303139223b6f72675f747970657c733a363a224e6f6e50726f223b706f736974696f6e7c733a31343a22526570726573656e746174697665223b7072656669787c733a343a2253534841223b6c6f676765645f696e7c623a313b757365725f747970657c693a303b),
('iga6htl0ipiqs9uj3ottl7l45s5k7mf7', '::1', 1540693789, 0x5f5f63695f6c6173745f726567656e65726174657c693a313534303639333535393b6163636f756e745f69647c733a343a2253534841223b6f7267616e697a6174696f6e7c733a34323a22536f6369616c20536369656e63657320616e642048756d616e6974696573204173736f63696174696f6e223b656d61696c5f616464726573737c733a31393a22737368614073616e626564612e6564752e7068223b636f6e746163745f6e756d6265727c733a31323a22363339313032333439313233223b66756c6c5f6e616d657c733a31383a2254696d6f746879204a616d6573204275616e223b62617463687c733a393a22323031382d32303139223b6f72675f747970657c733a363a224e6f6e50726f223b706f736974696f6e7c733a31343a22526570726573656e746174697665223b7072656669787c733a343a2253534841223b6c6f676765645f696e7c623a313b757365725f747970657c693a303b),
('f52c97obrg1okuf6e7lo7695rhlc6t2q', '::1', 1540694353, 0x5f5f63695f6c6173745f726567656e65726174657c693a313534303639343035323b6163636f756e745f69647c733a343a2253534841223b6f7267616e697a6174696f6e7c733a34323a22536f6369616c20536369656e63657320616e642048756d616e6974696573204173736f63696174696f6e223b656d61696c5f616464726573737c733a31393a22737368614073616e626564612e6564752e7068223b636f6e746163745f6e756d6265727c733a31323a22363339313032333439313233223b66756c6c5f6e616d657c733a31383a2254696d6f746879204a616d6573204275616e223b62617463687c733a393a22323031382d32303139223b6f72675f747970657c733a363a224e6f6e50726f223b706f736974696f6e7c733a31343a22526570726573656e746174697665223b7072656669787c733a343a2253534841223b6c6f676765645f696e7c623a313b757365725f747970657c693a303b),
('apqi2hnbtsg15jtph958ur28oa8pfp91', '::1', 1540694460, 0x5f5f63695f6c6173745f726567656e65726174657c693a313534303639343338343b6163636f756e745f69647c733a343a2253534841223b6f7267616e697a6174696f6e7c733a34323a22536f6369616c20536369656e63657320616e642048756d616e6974696573204173736f63696174696f6e223b656d61696c5f616464726573737c733a31393a22737368614073616e626564612e6564752e7068223b636f6e746163745f6e756d6265727c733a31323a22363339313032333439313233223b66756c6c5f6e616d657c733a31383a2254696d6f746879204a616d6573204275616e223b62617463687c733a393a22323031382d32303139223b6f72675f747970657c733a363a224e6f6e50726f223b706f736974696f6e7c733a31343a22526570726573656e746174697665223b7072656669787c733a343a2253534841223b6c6f676765645f696e7c623a313b757365725f747970657c693a303b),
('pvbq3oqfoqu91cmtf8145p4glt2sup2d', '::1', 1540696343, 0x5f5f63695f6c6173745f726567656e65726174657c693a313534303639363036373b6163636f756e745f69647c733a343a2253534841223b6f7267616e697a6174696f6e7c733a34323a22536f6369616c20536369656e63657320616e642048756d616e6974696573204173736f63696174696f6e223b656d61696c5f616464726573737c733a31393a22737368614073616e626564612e6564752e7068223b636f6e746163745f6e756d6265727c733a31323a22363339313032333439313233223b66756c6c5f6e616d657c733a31383a2254696d6f746879204a616d6573204275616e223b62617463687c733a393a22323031382d32303139223b6f72675f747970657c733a363a224e6f6e50726f223b706f736974696f6e7c733a31343a22526570726573656e746174697665223b7072656669787c733a343a2253534841223b6c6f676765645f696e7c623a313b757365725f747970657c693a303b),
('aipt0vkleovb9gubvct563oglhs3025n', '::1', 1540696816, 0x5f5f63695f6c6173745f726567656e65726174657c693a313534303639363535393b6163636f756e745f69647c733a343a2253534841223b6f7267616e697a6174696f6e7c733a34323a22536f6369616c20536369656e63657320616e642048756d616e6974696573204173736f63696174696f6e223b656d61696c5f616464726573737c733a31393a22737368614073616e626564612e6564752e7068223b636f6e746163745f6e756d6265727c733a31323a22363339313032333439313233223b66756c6c5f6e616d657c733a31383a2254696d6f746879204a616d6573204275616e223b62617463687c733a393a22323031382d32303139223b6f72675f747970657c733a363a224e6f6e50726f223b706f736974696f6e7c733a31343a22526570726573656e746174697665223b7072656669787c733a343a2253534841223b6c6f676765645f696e7c623a313b757365725f747970657c693a303b),
('p3u1i13nf1u89khduro8rusb4366b67s', '::1', 1540697155, 0x5f5f63695f6c6173745f726567656e65726174657c693a313534303639373135353b6163636f756e745f69647c733a343a2253534841223b6f7267616e697a6174696f6e7c733a34323a22536f6369616c20536369656e63657320616e642048756d616e6974696573204173736f63696174696f6e223b656d61696c5f616464726573737c733a31393a22737368614073616e626564612e6564752e7068223b636f6e746163745f6e756d6265727c733a31323a22363339313032333439313233223b66756c6c5f6e616d657c733a31383a2254696d6f746879204a616d6573204275616e223b62617463687c733a393a22323031382d32303139223b6f72675f747970657c733a363a224e6f6e50726f223b706f736974696f6e7c733a31343a22526570726573656e746174697665223b7072656669787c733a343a2253534841223b6c6f676765645f696e7c623a313b757365725f747970657c693a303b),
('0vnuvica0dm3o5qi6dlthi6egpdnv2ak', '::1', 1540697776, 0x5f5f63695f6c6173745f726567656e65726174657c693a313534303639373536383b6163636f756e745f69647c733a343a2253534841223b6f7267616e697a6174696f6e7c733a34323a22536f6369616c20536369656e63657320616e642048756d616e6974696573204173736f63696174696f6e223b656d61696c5f616464726573737c733a31393a22737368614073616e626564612e6564752e7068223b636f6e746163745f6e756d6265727c733a31323a22363339313032333439313233223b66756c6c5f6e616d657c733a31383a2254696d6f746879204a616d6573204275616e223b62617463687c733a393a22323031382d32303139223b6f72675f747970657c733a363a224e6f6e50726f223b706f736974696f6e7c733a31343a22526570726573656e746174697665223b7072656669787c733a343a2253534841223b6c6f676765645f696e7c623a313b757365725f747970657c693a303b),
('k7pfoa6la5v2bm6i8esmfm079lgl9flm', '::1', 1540697995, 0x5f5f63695f6c6173745f726567656e65726174657c693a313534303639373837363b6163636f756e745f69647c733a343a2253534841223b6f7267616e697a6174696f6e7c733a34323a22536f6369616c20536369656e63657320616e642048756d616e6974696573204173736f63696174696f6e223b656d61696c5f616464726573737c733a31393a22737368614073616e626564612e6564752e7068223b636f6e746163745f6e756d6265727c733a31323a22363339313032333439313233223b66756c6c5f6e616d657c733a31383a2254696d6f746879204a616d6573204275616e223b62617463687c733a393a22323031382d32303139223b6f72675f747970657c733a363a224e6f6e50726f223b706f736974696f6e7c733a31343a22526570726573656e746174697665223b7072656669787c733a343a2253534841223b6c6f676765645f696e7c623a313b757365725f747970657c693a303b),
('ra1pa22ihc936hh0p22rhfecu64lt600', '::1', 1540698410, 0x5f5f63695f6c6173745f726567656e65726174657c693a313534303639383336333b6163636f756e745f69647c733a343a2253534841223b6f7267616e697a6174696f6e7c733a34323a22536f6369616c20536369656e63657320616e642048756d616e6974696573204173736f63696174696f6e223b656d61696c5f616464726573737c733a31393a22737368614073616e626564612e6564752e7068223b636f6e746163745f6e756d6265727c733a31323a22363339313032333439313233223b66756c6c5f6e616d657c733a31383a2254696d6f746879204a616d6573204275616e223b62617463687c733a393a22323031382d32303139223b6f72675f747970657c733a363a224e6f6e50726f223b706f736974696f6e7c733a31343a22526570726573656e746174697665223b7072656669787c733a343a2253534841223b6c6f676765645f696e7c623a313b757365725f747970657c693a303b),
('nritp26lgejh4ibvv1pa0b7butt4r0o4', '::1', 1540698887, 0x5f5f63695f6c6173745f726567656e65726174657c693a313534303639383637313b6163636f756e745f69647c733a343a2253534841223b6f7267616e697a6174696f6e7c733a34323a22536f6369616c20536369656e63657320616e642048756d616e6974696573204173736f63696174696f6e223b656d61696c5f616464726573737c733a31393a22737368614073616e626564612e6564752e7068223b636f6e746163745f6e756d6265727c733a31323a22363339313032333439313233223b66756c6c5f6e616d657c733a31383a2254696d6f746879204a616d6573204275616e223b62617463687c733a393a22323031382d32303139223b6f72675f747970657c733a363a224e6f6e50726f223b706f736974696f6e7c733a31343a22526570726573656e746174697665223b7072656669787c733a343a2253534841223b6c6f676765645f696e7c623a313b757365725f747970657c693a303b),
('p9aondml3p4d5o2ne4gdd2blquojsncg', '::1', 1540699332, 0x5f5f63695f6c6173745f726567656e65726174657c693a313534303639393332333b6163636f756e745f69647c733a343a2253534841223b6f7267616e697a6174696f6e7c733a34323a22536f6369616c20536369656e63657320616e642048756d616e6974696573204173736f63696174696f6e223b656d61696c5f616464726573737c733a31393a22737368614073616e626564612e6564752e7068223b636f6e746163745f6e756d6265727c733a31323a22363339313032333439313233223b66756c6c5f6e616d657c733a31383a2254696d6f746879204a616d6573204275616e223b62617463687c733a393a22323031382d32303139223b6f72675f747970657c733a363a224e6f6e50726f223b706f736974696f6e7c733a31343a22526570726573656e746174697665223b7072656669787c733a343a2253534841223b6c6f676765645f696e7c623a313b757365725f747970657c693a303b),
('36dfkmukn8chm4vnrs2vsdr6muhpus4o', '::1', 1540699726, 0x5f5f63695f6c6173745f726567656e65726174657c693a313534303639393732313b6163636f756e745f69647c733a343a2253534841223b6f7267616e697a6174696f6e7c733a34323a22536f6369616c20536369656e63657320616e642048756d616e6974696573204173736f63696174696f6e223b656d61696c5f616464726573737c733a31393a22737368614073616e626564612e6564752e7068223b636f6e746163745f6e756d6265727c733a31323a22363339313032333439313233223b66756c6c5f6e616d657c733a31383a2254696d6f746879204a616d6573204275616e223b62617463687c733a393a22323031382d32303139223b6f72675f747970657c733a363a224e6f6e50726f223b706f736974696f6e7c733a31343a22526570726573656e746174697665223b7072656669787c733a343a2253534841223b6c6f676765645f696e7c623a313b757365725f747970657c693a303b),
('jjimvlhpr1nhnocflf7jqt4f13pct89j', '::1', 1540700753, 0x5f5f63695f6c6173745f726567656e65726174657c693a313534303730303438383b6163636f756e745f69647c733a343a2253534841223b6f7267616e697a6174696f6e7c733a34323a22536f6369616c20536369656e63657320616e642048756d616e6974696573204173736f63696174696f6e223b656d61696c5f616464726573737c733a31393a22737368614073616e626564612e6564752e7068223b636f6e746163745f6e756d6265727c733a31323a22363339313032333439313233223b66756c6c5f6e616d657c733a31383a2254696d6f746879204a616d6573204275616e223b62617463687c733a393a22323031382d32303139223b6f72675f747970657c733a363a224e6f6e50726f223b706f736974696f6e7c733a31343a22526570726573656e746174697665223b7072656669787c733a343a2253534841223b6c6f676765645f696e7c623a313b757365725f747970657c693a303b),
('t8ksbg6ruq1mqmjiv2jrtcuhq4qcig4k', '::1', 1540701522, 0x5f5f63695f6c6173745f726567656e65726174657c693a313534303730313236323b6163636f756e745f69647c733a343a2253534841223b6f7267616e697a6174696f6e7c733a34323a22536f6369616c20536369656e63657320616e642048756d616e6974696573204173736f63696174696f6e223b656d61696c5f616464726573737c733a31393a22737368614073616e626564612e6564752e7068223b636f6e746163745f6e756d6265727c733a31323a22363339313032333439313233223b66756c6c5f6e616d657c733a31383a2254696d6f746879204a616d6573204275616e223b62617463687c733a393a22323031382d32303139223b6f72675f747970657c733a363a224e6f6e50726f223b706f736974696f6e7c733a31343a22526570726573656e746174697665223b7072656669787c733a343a2253534841223b6c6f676765645f696e7c623a313b757365725f747970657c693a303b),
('r9vvarptcddl4hmo5qeiv7min6vfgcnj', '::1', 1540702395, 0x5f5f63695f6c6173745f726567656e65726174657c693a313534303730323331393b6163636f756e745f69647c733a343a2253534841223b6f7267616e697a6174696f6e7c733a34323a22536f6369616c20536369656e63657320616e642048756d616e6974696573204173736f63696174696f6e223b656d61696c5f616464726573737c733a31393a22737368614073616e626564612e6564752e7068223b636f6e746163745f6e756d6265727c733a31323a22363339313032333439313233223b66756c6c5f6e616d657c733a31383a2254696d6f746879204a616d6573204275616e223b62617463687c733a393a22323031382d32303139223b6f72675f747970657c733a363a224e6f6e50726f223b706f736974696f6e7c733a31343a22526570726573656e746174697665223b7072656669787c733a343a2253534841223b6c6f676765645f696e7c623a313b757365725f747970657c693a303b),
('4pbvveqfn03s3iil0hskccue63ohuhvt', '::1', 1540702859, 0x5f5f63695f6c6173745f726567656e65726174657c693a313534303730323736333b6163636f756e745f69647c733a343a2253534841223b6f7267616e697a6174696f6e7c733a34323a22536f6369616c20536369656e63657320616e642048756d616e6974696573204173736f63696174696f6e223b656d61696c5f616464726573737c733a31393a22737368614073616e626564612e6564752e7068223b636f6e746163745f6e756d6265727c733a31323a22363339313032333439313233223b66756c6c5f6e616d657c733a31383a2254696d6f746879204a616d6573204275616e223b62617463687c733a393a22323031382d32303139223b6f72675f747970657c733a363a224e6f6e50726f223b706f736974696f6e7c733a31343a22526570726573656e746174697665223b7072656669787c733a343a2253534841223b6c6f676765645f696e7c623a313b757365725f747970657c693a303b),
('na86our0opkr4jsmjmeen8t2j60799mj', '::1', 1540703533, 0x5f5f63695f6c6173745f726567656e65726174657c693a313534303730333330383b6163636f756e745f69647c733a343a2253534841223b6f7267616e697a6174696f6e7c733a34323a22536f6369616c20536369656e63657320616e642048756d616e6974696573204173736f63696174696f6e223b656d61696c5f616464726573737c733a31393a22737368614073616e626564612e6564752e7068223b636f6e746163745f6e756d6265727c733a31323a22363339313032333439313233223b66756c6c5f6e616d657c733a31383a2254696d6f746879204a616d6573204275616e223b62617463687c733a393a22323031382d32303139223b6f72675f747970657c733a363a224e6f6e50726f223b706f736974696f6e7c733a31343a22526570726573656e746174697665223b7072656669787c733a343a2253534841223b6c6f676765645f696e7c623a313b757365725f747970657c693a303b),
('tki0mkd9pvtbur2mp155tac842tpj4c5', '::1', 1540703842, 0x5f5f63695f6c6173745f726567656e65726174657c693a313534303730333637353b6163636f756e745f69647c733a343a2253534841223b6f7267616e697a6174696f6e7c733a34323a22536f6369616c20536369656e63657320616e642048756d616e6974696573204173736f63696174696f6e223b656d61696c5f616464726573737c733a31393a22737368614073616e626564612e6564752e7068223b636f6e746163745f6e756d6265727c733a31323a22363339313032333439313233223b66756c6c5f6e616d657c733a31383a2254696d6f746879204a616d6573204275616e223b62617463687c733a393a22323031382d32303139223b6f72675f747970657c733a363a224e6f6e50726f223b706f736974696f6e7c733a31343a22526570726573656e746174697665223b7072656669787c733a343a2253534841223b6c6f676765645f696e7c623a313b757365725f747970657c693a303b),
('tsp4b3eo2s692u2igvlj1ub3so6bkhje', '::1', 1540704423, 0x5f5f63695f6c6173745f726567656e65726174657c693a313534303730343233353b6163636f756e745f69647c733a343a2253534841223b6f7267616e697a6174696f6e7c733a34323a22536f6369616c20536369656e63657320616e642048756d616e6974696573204173736f63696174696f6e223b656d61696c5f616464726573737c733a31393a22737368614073616e626564612e6564752e7068223b636f6e746163745f6e756d6265727c733a31323a22363339313032333439313233223b66756c6c5f6e616d657c733a31383a2254696d6f746879204a616d6573204275616e223b62617463687c733a393a22323031382d32303139223b6f72675f747970657c733a363a224e6f6e50726f223b706f736974696f6e7c733a31343a22526570726573656e746174697665223b7072656669787c733a343a2253534841223b6c6f676765645f696e7c623a313b757365725f747970657c693a303b),
('garabhdru2g4fkkk7hdatgtro6lljgr6', '::1', 1540704769, 0x5f5f63695f6c6173745f726567656e65726174657c693a313534303730343735333b6163636f756e745f69647c733a343a2253534841223b6f7267616e697a6174696f6e7c733a34323a22536f6369616c20536369656e63657320616e642048756d616e6974696573204173736f63696174696f6e223b656d61696c5f616464726573737c733a31393a22737368614073616e626564612e6564752e7068223b636f6e746163745f6e756d6265727c733a31323a22363339313032333439313233223b66756c6c5f6e616d657c733a31383a2254696d6f746879204a616d6573204275616e223b62617463687c733a393a22323031382d32303139223b6f72675f747970657c733a363a224e6f6e50726f223b706f736974696f6e7c733a31343a22526570726573656e746174697665223b7072656669787c733a343a2253534841223b6c6f676765645f696e7c623a313b757365725f747970657c693a303b),
('ji86hcjro38jrppu2kjlitkrlfvi9j6u', '::1', 1540705371, 0x5f5f63695f6c6173745f726567656e65726174657c693a313534303730353132303b6163636f756e745f69647c733a343a2253534841223b6f7267616e697a6174696f6e7c733a34323a22536f6369616c20536369656e63657320616e642048756d616e6974696573204173736f63696174696f6e223b656d61696c5f616464726573737c733a31393a22737368614073616e626564612e6564752e7068223b636f6e746163745f6e756d6265727c733a31323a22363339313032333439313233223b66756c6c5f6e616d657c733a31383a2254696d6f746879204a616d6573204275616e223b62617463687c733a393a22323031382d32303139223b6f72675f747970657c733a363a224e6f6e50726f223b706f736974696f6e7c733a31343a22526570726573656e746174697665223b7072656669787c733a343a2253534841223b6c6f676765645f696e7c623a313b757365725f747970657c693a303b),
('umdfkosm8dom3tjhah8merdpqha12ptp', '::1', 1540705735, 0x5f5f63695f6c6173745f726567656e65726174657c693a313534303730353432353b6163636f756e745f69647c733a343a2253534841223b6f7267616e697a6174696f6e7c733a34323a22536f6369616c20536369656e63657320616e642048756d616e6974696573204173736f63696174696f6e223b656d61696c5f616464726573737c733a31393a22737368614073616e626564612e6564752e7068223b636f6e746163745f6e756d6265727c733a31323a22363339313032333439313233223b66756c6c5f6e616d657c733a31383a2254696d6f746879204a616d6573204275616e223b62617463687c733a393a22323031382d32303139223b6f72675f747970657c733a363a224e6f6e50726f223b706f736974696f6e7c733a31343a22526570726573656e746174697665223b7072656669787c733a343a2253534841223b6c6f676765645f696e7c623a313b757365725f747970657c693a303b),
('paii8t39sjr79oa0b786dvf9lgcul9p4', '::1', 1540705860, 0x5f5f63695f6c6173745f726567656e65726174657c693a313534303730353733363b6163636f756e745f69647c733a343a2253534841223b6f7267616e697a6174696f6e7c733a34323a22536f6369616c20536369656e63657320616e642048756d616e6974696573204173736f63696174696f6e223b656d61696c5f616464726573737c733a31393a22737368614073616e626564612e6564752e7068223b636f6e746163745f6e756d6265727c733a31323a22363339313032333439313233223b66756c6c5f6e616d657c733a31383a2254696d6f746879204a616d6573204275616e223b62617463687c733a393a22323031382d32303139223b6f72675f747970657c733a363a224e6f6e50726f223b706f736974696f6e7c733a31343a22526570726573656e746174697665223b7072656669787c733a343a2253534841223b6c6f676765645f696e7c623a313b757365725f747970657c693a303b),
('rvip6eaq6k647bitngt3s6hn9at2ea9q', '::1', 1540706500, 0x5f5f63695f6c6173745f726567656e65726174657c693a313534303730363232373b6163636f756e745f69647c733a343a2253534841223b6f7267616e697a6174696f6e7c733a34323a22536f6369616c20536369656e63657320616e642048756d616e6974696573204173736f63696174696f6e223b656d61696c5f616464726573737c733a31393a22737368614073616e626564612e6564752e7068223b636f6e746163745f6e756d6265727c733a31323a22363339313032333439313233223b66756c6c5f6e616d657c733a31383a2254696d6f746879204a616d6573204275616e223b62617463687c733a393a22323031382d32303139223b6f72675f747970657c733a363a224e6f6e50726f223b706f736974696f6e7c733a31343a22526570726573656e746174697665223b7072656669787c733a343a2253534841223b6c6f676765645f696e7c623a313b757365725f747970657c693a303b),
('lsn5sq8eiigpadhstr5eq92dbjh9e6sm', '::1', 1540706998, 0x5f5f63695f6c6173745f726567656e65726174657c693a313534303730363737363b6163636f756e745f69647c733a343a2253534841223b6f7267616e697a6174696f6e7c733a34323a22536f6369616c20536369656e63657320616e642048756d616e6974696573204173736f63696174696f6e223b656d61696c5f616464726573737c733a31393a22737368614073616e626564612e6564752e7068223b636f6e746163745f6e756d6265727c733a31323a22363339313032333439313233223b66756c6c5f6e616d657c733a31383a2254696d6f746879204a616d6573204275616e223b62617463687c733a393a22323031382d32303139223b6f72675f747970657c733a363a224e6f6e50726f223b706f736974696f6e7c733a31343a22526570726573656e746174697665223b7072656669787c733a343a2253534841223b6c6f676765645f696e7c623a313b757365725f747970657c693a303b),
('dd5l174k3tdqva3e2337fv55tbdcj5np', '::1', 1540707292, 0x5f5f63695f6c6173745f726567656e65726174657c693a313534303730373130343b6163636f756e745f69647c733a343a2253534841223b6f7267616e697a6174696f6e7c733a34323a22536f6369616c20536369656e63657320616e642048756d616e6974696573204173736f63696174696f6e223b656d61696c5f616464726573737c733a31393a22737368614073616e626564612e6564752e7068223b636f6e746163745f6e756d6265727c733a31323a22363339313032333439313233223b66756c6c5f6e616d657c733a31383a2254696d6f746879204a616d6573204275616e223b62617463687c733a393a22323031382d32303139223b6f72675f747970657c733a363a224e6f6e50726f223b706f736974696f6e7c733a31343a22526570726573656e746174697665223b7072656669787c733a343a2253534841223b6c6f676765645f696e7c623a313b757365725f747970657c693a303b),
('15r1fj5csjmkc8e07rkua5hahpc8s27t', '::1', 1540707672, 0x5f5f63695f6c6173745f726567656e65726174657c693a313534303730373431383b6163636f756e745f69647c733a343a2253534841223b6f7267616e697a6174696f6e7c733a34323a22536f6369616c20536369656e63657320616e642048756d616e6974696573204173736f63696174696f6e223b656d61696c5f616464726573737c733a31393a22737368614073616e626564612e6564752e7068223b636f6e746163745f6e756d6265727c733a31323a22363339313032333439313233223b66756c6c5f6e616d657c733a31383a2254696d6f746879204a616d6573204275616e223b62617463687c733a393a22323031382d32303139223b6f72675f747970657c733a363a224e6f6e50726f223b706f736974696f6e7c733a31343a22526570726573656e746174697665223b7072656669787c733a343a2253534841223b6c6f676765645f696e7c623a313b757365725f747970657c693a303b),
('sduu3b89eibjt22f90fml1l12g7q3lot', '::1', 1540709382, 0x5f5f63695f6c6173745f726567656e65726174657c693a313534303730393035363b6163636f756e745f69647c733a343a2253534841223b6f7267616e697a6174696f6e7c733a34323a22536f6369616c20536369656e63657320616e642048756d616e6974696573204173736f63696174696f6e223b656d61696c5f616464726573737c733a31393a22737368614073616e626564612e6564752e7068223b636f6e746163745f6e756d6265727c733a31323a22363339313032333439313233223b66756c6c5f6e616d657c733a31383a2254696d6f746879204a616d6573204275616e223b62617463687c733a393a22323031382d32303139223b6f72675f747970657c733a363a224e6f6e50726f223b706f736974696f6e7c733a31343a22526570726573656e746174697665223b7072656669787c733a343a2253534841223b6c6f676765645f696e7c623a313b757365725f747970657c693a303b),
('08i0ga1ejtt6ksieu1vivbkig0t6ihus', '::1', 1540709651, 0x5f5f63695f6c6173745f726567656e65726174657c693a313534303730393431363b6163636f756e745f69647c733a343a2253534841223b6f7267616e697a6174696f6e7c733a34323a22536f6369616c20536369656e63657320616e642048756d616e6974696573204173736f63696174696f6e223b656d61696c5f616464726573737c733a31393a22737368614073616e626564612e6564752e7068223b636f6e746163745f6e756d6265727c733a31323a22363339313032333439313233223b66756c6c5f6e616d657c733a31383a2254696d6f746879204a616d6573204275616e223b62617463687c733a393a22323031382d32303139223b6f72675f747970657c733a363a224e6f6e50726f223b706f736974696f6e7c733a31343a22526570726573656e746174697665223b7072656669787c733a343a2253534841223b6c6f676765645f696e7c623a313b757365725f747970657c693a303b),
('qacgojs3m672hr6vmihqf7ljv7m6ucd7', '::1', 1540709956, 0x5f5f63695f6c6173745f726567656e65726174657c693a313534303730393837363b6163636f756e745f69647c733a343a2253534841223b6f7267616e697a6174696f6e7c733a34323a22536f6369616c20536369656e63657320616e642048756d616e6974696573204173736f63696174696f6e223b656d61696c5f616464726573737c733a31393a22737368614073616e626564612e6564752e7068223b636f6e746163745f6e756d6265727c733a31323a22363339313032333439313233223b66756c6c5f6e616d657c733a31383a2254696d6f746879204a616d6573204275616e223b62617463687c733a393a22323031382d32303139223b6f72675f747970657c733a363a224e6f6e50726f223b706f736974696f6e7c733a31343a22526570726573656e746174697665223b7072656669787c733a343a2253534841223b6c6f676765645f696e7c623a313b757365725f747970657c693a303b),
('h68quo5f90kj9f55bv44glv8mn9k8aqn', '::1', 1540711160, 0x5f5f63695f6c6173745f726567656e65726174657c693a313534303731303837363b6163636f756e745f69647c733a343a2253534841223b6f7267616e697a6174696f6e7c733a34323a22536f6369616c20536369656e63657320616e642048756d616e6974696573204173736f63696174696f6e223b656d61696c5f616464726573737c733a31393a22737368614073616e626564612e6564752e7068223b636f6e746163745f6e756d6265727c733a31323a22363339313032333439313233223b66756c6c5f6e616d657c733a31383a2254696d6f746879204a616d6573204275616e223b62617463687c733a393a22323031382d32303139223b6f72675f747970657c733a363a224e6f6e50726f223b706f736974696f6e7c733a31343a22526570726573656e746174697665223b7072656669787c733a343a2253534841223b6c6f676765645f696e7c623a313b757365725f747970657c693a303b),
('i0pa4j8bhmair78fce85p6dq914spc9u', '::1', 1540711493, 0x5f5f63695f6c6173745f726567656e65726174657c693a313534303731313232303b6163636f756e745f69647c733a343a2253534841223b6f7267616e697a6174696f6e7c733a34323a22536f6369616c20536369656e63657320616e642048756d616e6974696573204173736f63696174696f6e223b656d61696c5f616464726573737c733a31393a22737368614073616e626564612e6564752e7068223b636f6e746163745f6e756d6265727c733a31323a22363339313032333439313233223b66756c6c5f6e616d657c733a31383a2254696d6f746879204a616d6573204275616e223b62617463687c733a393a22323031382d32303139223b6f72675f747970657c733a363a224e6f6e50726f223b706f736974696f6e7c733a31343a22526570726573656e746174697665223b7072656669787c733a343a2253534841223b6c6f676765645f696e7c623a313b757365725f747970657c693a303b),
('ot6n546jgdsq37gthiblpdrec22qiab4', '::1', 1540713859, 0x5f5f63695f6c6173745f726567656e65726174657c693a313534303731313534303b6163636f756e745f69647c733a343a2253534841223b6f7267616e697a6174696f6e7c733a34323a22536f6369616c20536369656e63657320616e642048756d616e6974696573204173736f63696174696f6e223b656d61696c5f616464726573737c733a31393a22737368614073616e626564612e6564752e7068223b636f6e746163745f6e756d6265727c733a31323a22363339313032333439313233223b66756c6c5f6e616d657c733a31383a2254696d6f746879204a616d6573204275616e223b62617463687c733a393a22323031382d32303139223b6f72675f747970657c733a363a224e6f6e50726f223b706f736974696f6e7c733a31343a22526570726573656e746174697665223b7072656669787c733a343a2253534841223b6c6f676765645f696e7c623a313b757365725f747970657c693a303b),
('3iaa3q62bajh62c201ravv64l16k166t', '::1', 1540714157, 0x5f5f63695f6c6173745f726567656e65726174657c693a313534303731333836383b6163636f756e745f69647c733a343a2253534841223b6f7267616e697a6174696f6e7c733a34323a22536f6369616c20536369656e63657320616e642048756d616e6974696573204173736f63696174696f6e223b656d61696c5f616464726573737c733a31393a22737368614073616e626564612e6564752e7068223b636f6e746163745f6e756d6265727c733a31323a22363339313032333439313233223b66756c6c5f6e616d657c733a31383a2254696d6f746879204a616d6573204275616e223b62617463687c733a393a22323031382d32303139223b6f72675f747970657c733a363a224e6f6e50726f223b706f736974696f6e7c733a31343a22526570726573656e746174697665223b7072656669787c733a343a2253534841223b6c6f676765645f696e7c623a313b757365725f747970657c693a303b),
('u12heoq3bo4m0iiqs7skct2tmsl66rcv', '::1', 1540715163, 0x5f5f63695f6c6173745f726567656e65726174657c693a313534303731343138363b6163636f756e745f69647c733a343a2253534841223b6f7267616e697a6174696f6e7c733a34323a22536f6369616c20536369656e63657320616e642048756d616e6974696573204173736f63696174696f6e223b656d61696c5f616464726573737c733a31393a22737368614073616e626564612e6564752e7068223b636f6e746163745f6e756d6265727c733a31323a22363339313032333439313233223b66756c6c5f6e616d657c733a31383a2254696d6f746879204a616d6573204275616e223b62617463687c733a393a22323031382d32303139223b6f72675f747970657c733a363a224e6f6e50726f223b706f736974696f6e7c733a31343a22526570726573656e746174697665223b7072656669787c733a343a2253534841223b6c6f676765645f696e7c623a313b757365725f747970657c693a303b),
('45sr9vft6mri7ngrrbl3nbvsn6h12msv', '::1', 1540715647, 0x5f5f63695f6c6173745f726567656e65726174657c693a313534303731353136393b6163636f756e745f69647c733a343a2253534841223b6f7267616e697a6174696f6e7c733a34323a22536f6369616c20536369656e63657320616e642048756d616e6974696573204173736f63696174696f6e223b656d61696c5f616464726573737c733a31393a22737368614073616e626564612e6564752e7068223b636f6e746163745f6e756d6265727c733a31323a22363339313032333439313233223b66756c6c5f6e616d657c733a31383a2254696d6f746879204a616d6573204275616e223b62617463687c733a393a22323031382d32303139223b6f72675f747970657c733a363a224e6f6e50726f223b706f736974696f6e7c733a31343a22526570726573656e746174697665223b7072656669787c733a343a2253534841223b6c6f676765645f696e7c623a313b757365725f747970657c693a303b);
INSERT INTO `ci_sessions` (`id`, `ip_address`, `timestamp`, `data`) VALUES
('l318hq2psvonplego95pqvaqvmrpkmlb', '::1', 1540716109, 0x5f5f63695f6c6173745f726567656e65726174657c693a313534303731353739313b6163636f756e745f69647c733a343a2253534841223b6f7267616e697a6174696f6e7c733a34323a22536f6369616c20536369656e63657320616e642048756d616e6974696573204173736f63696174696f6e223b656d61696c5f616464726573737c733a31393a22737368614073616e626564612e6564752e7068223b636f6e746163745f6e756d6265727c733a31323a22363339313032333439313233223b66756c6c5f6e616d657c733a31383a2254696d6f746879204a616d6573204275616e223b62617463687c733a393a22323031382d32303139223b6f72675f747970657c733a363a224e6f6e50726f223b706f736974696f6e7c733a31343a22526570726573656e746174697665223b7072656669787c733a343a2253534841223b6c6f676765645f696e7c623a313b757365725f747970657c693a303b),
('de949t4tt6psvn0t9jdkhe6eel1sopuv', '::1', 1540716440, 0x5f5f63695f6c6173745f726567656e65726174657c693a313534303731363135313b6163636f756e745f69647c733a343a2253534841223b6f7267616e697a6174696f6e7c733a34323a22536f6369616c20536369656e63657320616e642048756d616e6974696573204173736f63696174696f6e223b656d61696c5f616464726573737c733a31393a22737368614073616e626564612e6564752e7068223b636f6e746163745f6e756d6265727c733a31323a22363339313032333439313233223b66756c6c5f6e616d657c733a31383a2254696d6f746879204a616d6573204275616e223b62617463687c733a393a22323031382d32303139223b6f72675f747970657c733a363a224e6f6e50726f223b706f736974696f6e7c733a31343a22526570726573656e746174697665223b7072656669787c733a343a2253534841223b6c6f676765645f696e7c623a313b757365725f747970657c693a303b),
('5fanqd5jk86hj2i3i30nfapl030pudlp', '::1', 1540716462, 0x5f5f63695f6c6173745f726567656e65726174657c693a313534303731363436323b6163636f756e745f69647c733a343a2253534841223b6f7267616e697a6174696f6e7c733a34323a22536f6369616c20536369656e63657320616e642048756d616e6974696573204173736f63696174696f6e223b656d61696c5f616464726573737c733a31393a22737368614073616e626564612e6564752e7068223b636f6e746163745f6e756d6265727c733a31323a22363339313032333439313233223b66756c6c5f6e616d657c733a31383a2254696d6f746879204a616d6573204275616e223b62617463687c733a393a22323031382d32303139223b6f72675f747970657c733a363a224e6f6e50726f223b706f736974696f6e7c733a31343a22526570726573656e746174697665223b7072656669787c733a343a2253534841223b6c6f676765645f696e7c623a313b757365725f747970657c693a303b),
('jl22ejo8rsb4s76vtp6dcc8golrgts7c', '::1', 1540717016, 0x5f5f63695f6c6173745f726567656e65726174657c693a313534303731363832393b6163636f756e745f69647c733a343a2253534841223b6f7267616e697a6174696f6e7c733a34323a22536f6369616c20536369656e63657320616e642048756d616e6974696573204173736f63696174696f6e223b656d61696c5f616464726573737c733a31393a22737368614073616e626564612e6564752e7068223b636f6e746163745f6e756d6265727c733a31323a22363339313032333439313233223b66756c6c5f6e616d657c733a31383a2254696d6f746879204a616d6573204275616e223b62617463687c733a393a22323031382d32303139223b6f72675f747970657c733a363a224e6f6e50726f223b706f736974696f6e7c733a31343a22526570726573656e746174697665223b7072656669787c733a343a2253534841223b6c6f676765645f696e7c623a313b757365725f747970657c693a303b),
('oag1tdn4ecptvtvf31mvpmpg11bgte5o', '::1', 1540717704, 0x5f5f63695f6c6173745f726567656e65726174657c693a313534303731373232333b6163636f756e745f69647c733a343a2253534841223b6f7267616e697a6174696f6e7c733a34323a22536f6369616c20536369656e63657320616e642048756d616e6974696573204173736f63696174696f6e223b656d61696c5f616464726573737c733a31393a22737368614073616e626564612e6564752e7068223b636f6e746163745f6e756d6265727c733a31323a22363339313032333439313233223b66756c6c5f6e616d657c733a31383a2254696d6f746879204a616d6573204275616e223b62617463687c733a393a22323031382d32303139223b6f72675f747970657c733a363a224e6f6e50726f223b706f736974696f6e7c733a31343a22526570726573656e746174697665223b7072656669787c733a343a2253534841223b6c6f676765645f696e7c623a313b757365725f747970657c693a303b),
('e82un16g3n8d6u9e9ds87k0qdne2ajaj', '::1', 1540718481, 0x5f5f63695f6c6173745f726567656e65726174657c693a313534303731383034373b6163636f756e745f69647c733a343a2253534841223b6f7267616e697a6174696f6e7c733a34323a22536f6369616c20536369656e63657320616e642048756d616e6974696573204173736f63696174696f6e223b656d61696c5f616464726573737c733a31393a22737368614073616e626564612e6564752e7068223b636f6e746163745f6e756d6265727c733a31323a22363339313032333439313233223b66756c6c5f6e616d657c733a31383a2254696d6f746879204a616d6573204275616e223b62617463687c733a393a22323031382d32303139223b6f72675f747970657c733a363a224e6f6e50726f223b706f736974696f6e7c733a31343a22526570726573656e746174697665223b7072656669787c733a343a2253534841223b6c6f676765645f696e7c623a313b757365725f747970657c693a303b),
('15k8nravoc127skbrn9g88k291ht2al3', '::1', 1540718490, 0x5f5f63695f6c6173745f726567656e65726174657c693a313534303731383438333b6163636f756e745f69647c733a343a2253534841223b6f7267616e697a6174696f6e7c733a34323a22536f6369616c20536369656e63657320616e642048756d616e6974696573204173736f63696174696f6e223b656d61696c5f616464726573737c733a31393a22737368614073616e626564612e6564752e7068223b636f6e746163745f6e756d6265727c733a31323a22363339313032333439313233223b66756c6c5f6e616d657c733a31383a2254696d6f746879204a616d6573204275616e223b62617463687c733a393a22323031382d32303139223b6f72675f747970657c733a363a224e6f6e50726f223b706f736974696f6e7c733a31343a22526570726573656e746174697665223b7072656669787c733a343a2253534841223b6c6f676765645f696e7c623a313b757365725f747970657c693a303b),
('n0sd208tjsibf88kdva28d2ogpbnq5sr', '::1', 1540719161, 0x5f5f63695f6c6173745f726567656e65726174657c693a313534303731383833383b6163636f756e745f69647c733a343a2253534841223b6f7267616e697a6174696f6e7c733a34323a22536f6369616c20536369656e63657320616e642048756d616e6974696573204173736f63696174696f6e223b656d61696c5f616464726573737c733a31393a22737368614073616e626564612e6564752e7068223b636f6e746163745f6e756d6265727c733a31323a22363339313032333439313233223b66756c6c5f6e616d657c733a31383a2254696d6f746879204a616d6573204275616e223b62617463687c733a393a22323031382d32303139223b6f72675f747970657c733a363a224e6f6e50726f223b706f736974696f6e7c733a31343a22526570726573656e746174697665223b7072656669787c733a343a2253534841223b6c6f676765645f696e7c623a313b757365725f747970657c693a303b),
('8lcpuma13vnamfmarnshgdn52gfcb1ki', '::1', 1540719424, 0x5f5f63695f6c6173745f726567656e65726174657c693a313534303731393136343b6163636f756e745f69647c733a343a2253534841223b6f7267616e697a6174696f6e7c733a34323a22536f6369616c20536369656e63657320616e642048756d616e6974696573204173736f63696174696f6e223b656d61696c5f616464726573737c733a31393a22737368614073616e626564612e6564752e7068223b636f6e746163745f6e756d6265727c733a31323a22363339313032333439313233223b66756c6c5f6e616d657c733a31383a2254696d6f746879204a616d6573204275616e223b62617463687c733a393a22323031382d32303139223b6f72675f747970657c733a363a224e6f6e50726f223b706f736974696f6e7c733a31343a22526570726573656e746174697665223b7072656669787c733a343a2253534841223b6c6f676765645f696e7c623a313b757365725f747970657c693a303b),
('7ueqehdbavc7v9a67cs176m0smtlh6qk', '::1', 1540719563, 0x5f5f63695f6c6173745f726567656e65726174657c693a313534303731393438373b6163636f756e745f69647c733a343a2253534841223b6f7267616e697a6174696f6e7c733a34323a22536f6369616c20536369656e63657320616e642048756d616e6974696573204173736f63696174696f6e223b656d61696c5f616464726573737c733a31393a22737368614073616e626564612e6564752e7068223b636f6e746163745f6e756d6265727c733a31323a22363339313032333439313233223b66756c6c5f6e616d657c733a31383a2254696d6f746879204a616d6573204275616e223b62617463687c733a393a22323031382d32303139223b6f72675f747970657c733a363a224e6f6e50726f223b706f736974696f6e7c733a31343a22526570726573656e746174697665223b7072656669787c733a343a2253534841223b6c6f676765645f696e7c623a313b757365725f747970657c693a303b),
('k8obqlouvmipm83j622psn66lhmlodt7', '::1', 1540720320, 0x5f5f63695f6c6173745f726567656e65726174657c693a313534303732303032363b6163636f756e745f69647c733a343a2253534841223b6f7267616e697a6174696f6e7c733a34323a22536f6369616c20536369656e63657320616e642048756d616e6974696573204173736f63696174696f6e223b656d61696c5f616464726573737c733a31393a22737368614073616e626564612e6564752e7068223b636f6e746163745f6e756d6265727c733a31323a22363339313032333439313233223b66756c6c5f6e616d657c733a31383a2254696d6f746879204a616d6573204275616e223b62617463687c733a393a22323031382d32303139223b6f72675f747970657c733a363a224e6f6e50726f223b706f736974696f6e7c733a31343a22526570726573656e746174697665223b7072656669787c733a343a2253534841223b6c6f676765645f696e7c623a313b757365725f747970657c693a303b),
('72t0a2sgu62c1ul6ofoil89pgpn0g704', '::1', 1540720674, 0x5f5f63695f6c6173745f726567656e65726174657c693a313534303732303337373b6163636f756e745f69647c733a343a2253534841223b6f7267616e697a6174696f6e7c733a34323a22536f6369616c20536369656e63657320616e642048756d616e6974696573204173736f63696174696f6e223b656d61696c5f616464726573737c733a31393a22737368614073616e626564612e6564752e7068223b636f6e746163745f6e756d6265727c733a31323a22363339313032333439313233223b66756c6c5f6e616d657c733a31383a2254696d6f746879204a616d6573204275616e223b62617463687c733a393a22323031382d32303139223b6f72675f747970657c733a363a224e6f6e50726f223b706f736974696f6e7c733a31343a22526570726573656e746174697665223b7072656669787c733a343a2253534841223b6c6f676765645f696e7c623a313b757365725f747970657c693a303b),
('62fecng54e7pbu6a334q05t330h0jmbt', '::1', 1540720994, 0x5f5f63695f6c6173745f726567656e65726174657c693a313534303732303638323b6163636f756e745f69647c733a343a2253534841223b6f7267616e697a6174696f6e7c733a34323a22536f6369616c20536369656e63657320616e642048756d616e6974696573204173736f63696174696f6e223b656d61696c5f616464726573737c733a31393a22737368614073616e626564612e6564752e7068223b636f6e746163745f6e756d6265727c733a31323a22363339313032333439313233223b66756c6c5f6e616d657c733a31383a2254696d6f746879204a616d6573204275616e223b62617463687c733a393a22323031382d32303139223b6f72675f747970657c733a363a224e6f6e50726f223b706f736974696f6e7c733a31343a22526570726573656e746174697665223b7072656669787c733a343a2253534841223b6c6f676765645f696e7c623a313b757365725f747970657c693a303b),
('qsr1kv21l1n019s9qm3sh15fa2den4h8', '::1', 1540721003, 0x5f5f63695f6c6173745f726567656e65726174657c693a313534303732303939373b6163636f756e745f69647c733a343a2253534841223b6f7267616e697a6174696f6e7c733a34323a22536f6369616c20536369656e63657320616e642048756d616e6974696573204173736f63696174696f6e223b656d61696c5f616464726573737c733a31393a22737368614073616e626564612e6564752e7068223b636f6e746163745f6e756d6265727c733a31323a22363339313032333439313233223b66756c6c5f6e616d657c733a31383a2254696d6f746879204a616d6573204275616e223b62617463687c733a393a22323031382d32303139223b6f72675f747970657c733a363a224e6f6e50726f223b706f736974696f6e7c733a31343a22526570726573656e746174697665223b7072656669787c733a343a2253534841223b6c6f676765645f696e7c623a313b757365725f747970657c693a303b),
('lf9att17loa39vcmv74m33ej5g5tq9kc', '::1', 1540721922, 0x5f5f63695f6c6173745f726567656e65726174657c693a313534303732313931313b6163636f756e745f69647c733a343a2253534841223b6f7267616e697a6174696f6e7c733a34323a22536f6369616c20536369656e63657320616e642048756d616e6974696573204173736f63696174696f6e223b656d61696c5f616464726573737c733a31393a22737368614073616e626564612e6564752e7068223b636f6e746163745f6e756d6265727c733a31323a22363339313032333439313233223b66756c6c5f6e616d657c733a31383a2254696d6f746879204a616d6573204275616e223b62617463687c733a393a22323031382d32303139223b6f72675f747970657c733a363a224e6f6e50726f223b706f736974696f6e7c733a31343a22526570726573656e746174697665223b7072656669787c733a343a2253534841223b6c6f676765645f696e7c623a313b757365725f747970657c693a303b),
('jsok9vpiscqqg9cmoaooud93u5pktf3v', '::1', 1540723614, 0x5f5f63695f6c6173745f726567656e65726174657c693a313534303732333631343b6163636f756e745f69647c733a343a2253534841223b6f7267616e697a6174696f6e7c733a34323a22536f6369616c20536369656e63657320616e642048756d616e6974696573204173736f63696174696f6e223b656d61696c5f616464726573737c733a31393a22737368614073616e626564612e6564752e7068223b636f6e746163745f6e756d6265727c733a31323a22363339313032333439313233223b66756c6c5f6e616d657c733a31383a2254696d6f746879204a616d6573204275616e223b62617463687c733a393a22323031382d32303139223b6f72675f747970657c733a363a224e6f6e50726f223b706f736974696f6e7c733a31343a22526570726573656e746174697665223b7072656669787c733a343a2253534841223b6c6f676765645f696e7c623a313b757365725f747970657c693a303b),
('0s20fu0d0hjt963h7iiimaop9m3s2oeb', '::1', 1540785004, 0x5f5f63695f6c6173745f726567656e65726174657c693a313534303738343835383b6163636f756e745f69647c733a353a225053534255223b6f7267616e697a6174696f6e7c733a34313a2250737963686f6c6f677920536f6369657479206f662053616e204265646120556e6976657273697479223b656d61696c5f616464726573737c733a32303a2270737362754073616e626564612e6564752e7068223b636f6e746163745f6e756d6265727c733a31323a22363339373736353834333231223b66756c6c5f6e616d657c733a32353a22416e67656c696b61204761627269656c6c6520436f7270757a223b62617463687c733a393a22323031382d32303139223b6f72675f747970657c733a333a2250726f223b706f736974696f6e7c733a31343a22526570726573656e746174697665223b7072656669787c733a353a225053534255223b6c6f676765645f696e7c623a313b757365725f747970657c693a303b),
('fcakujv67kutgp3a0oc6rvjcinipn628', '::1', 1540786722, 0x5f5f63695f6c6173745f726567656e65726174657c693a313534303738363535333b6163636f756e745f69647c733a353a225053534255223b6f7267616e697a6174696f6e7c733a34313a2250737963686f6c6f677920536f6369657479206f662053616e204265646120556e6976657273697479223b656d61696c5f616464726573737c733a32303a2270737362754073616e626564612e6564752e7068223b636f6e746163745f6e756d6265727c733a31323a22363339373736353834333231223b66756c6c5f6e616d657c733a32353a22416e67656c696b61204761627269656c6c6520436f7270757a223b62617463687c733a393a22323031382d32303139223b6f72675f747970657c733a333a2250726f223b706f736974696f6e7c733a31343a22526570726573656e746174697665223b7072656669787c733a353a225053534255223b6c6f676765645f696e7c623a313b757365725f747970657c693a303b),
('2hj0tvb23laanogt1829sddfoaesa0oo', '::1', 1540789944, 0x5f5f63695f6c6173745f726567656e65726174657c693a313534303738393934343b),
('j7431r868g2gqs5l3urcug1p7jqp7lf4', '::1', 1540815121, 0x5f5f63695f6c6173745f726567656e65726174657c693a313534303831353132303b),
('nk4v9qescqqmq8m529kmql0vdjn2p5e4', '::1', 1540859822, 0x5f5f63695f6c6173745f726567656e65726174657c693a313534303835393532383b6163636f756e745f69647c733a343a2253534841223b6f7267616e697a6174696f6e7c733a34323a22536f6369616c20536369656e63657320616e642048756d616e6974696573204173736f63696174696f6e223b656d61696c5f616464726573737c733a31393a22737368614073616e626564612e6564752e7068223b636f6e746163745f6e756d6265727c733a31323a22363339313032333439313233223b66756c6c5f6e616d657c733a31383a2254696d6f746879204a616d6573204275616e223b62617463687c733a393a22323031382d32303139223b6f72675f747970657c733a363a224e6f6e50726f223b706f736974696f6e7c733a31343a22526570726573656e746174697665223b7072656669787c733a343a2253534841223b6c6f676765645f696e7c623a313b757365725f747970657c693a303b),
('eamg4pgpnfnt80vsq5ifks1v0g35stmn', '::1', 1540859935, 0x5f5f63695f6c6173745f726567656e65726174657c693a313534303835393833313b6163636f756e745f69647c733a343a2253534841223b6f7267616e697a6174696f6e7c733a34323a22536f6369616c20536369656e63657320616e642048756d616e6974696573204173736f63696174696f6e223b656d61696c5f616464726573737c733a31393a22737368614073616e626564612e6564752e7068223b636f6e746163745f6e756d6265727c733a31323a22363339313032333439313233223b66756c6c5f6e616d657c733a31383a2254696d6f746879204a616d6573204275616e223b62617463687c733a393a22323031382d32303139223b6f72675f747970657c733a363a224e6f6e50726f223b706f736974696f6e7c733a31343a22526570726573656e746174697665223b7072656669787c733a343a2253534841223b6c6f676765645f696e7c623a313b757365725f747970657c693a303b),
('5ghkvr1q4tetp0qodqomofoebjs4uivh', '::1', 1540860169, 0x5f5f63695f6c6173745f726567656e65726174657c693a313534303836303136393b6163636f756e745f69647c733a343a2253534841223b6f7267616e697a6174696f6e7c733a34323a22536f6369616c20536369656e63657320616e642048756d616e6974696573204173736f63696174696f6e223b656d61696c5f616464726573737c733a31393a22737368614073616e626564612e6564752e7068223b636f6e746163745f6e756d6265727c733a31323a22363339313032333439313233223b66756c6c5f6e616d657c733a31383a2254696d6f746879204a616d6573204275616e223b62617463687c733a393a22323031382d32303139223b6f72675f747970657c733a363a224e6f6e50726f223b706f736974696f6e7c733a31343a22526570726573656e746174697665223b7072656669787c733a343a2253534841223b6c6f676765645f696e7c623a313b757365725f747970657c693a303b),
('248os985kemp61tn4cogaok41rm01tg5', '::1', 1540861128, 0x5f5f63695f6c6173745f726567656e65726174657c693a313534303836303836383b6163636f756e745f69647c733a343a2253534841223b6f7267616e697a6174696f6e7c733a34323a22536f6369616c20536369656e63657320616e642048756d616e6974696573204173736f63696174696f6e223b656d61696c5f616464726573737c733a31393a22737368614073616e626564612e6564752e7068223b636f6e746163745f6e756d6265727c733a31323a22363339313032333439313233223b66756c6c5f6e616d657c733a31383a2254696d6f746879204a616d6573204275616e223b62617463687c733a393a22323031382d32303139223b6f72675f747970657c733a363a224e6f6e50726f223b706f736974696f6e7c733a31343a22526570726573656e746174697665223b7072656669787c733a343a2253534841223b6c6f676765645f696e7c623a313b757365725f747970657c693a303b),
('pu9cmu1eauk83rka0uea0duj797gl9rk', '::1', 1540861321, 0x5f5f63695f6c6173745f726567656e65726174657c693a313534303836313230393b6163636f756e745f69647c733a343a2253534841223b6f7267616e697a6174696f6e7c733a34323a22536f6369616c20536369656e63657320616e642048756d616e6974696573204173736f63696174696f6e223b656d61696c5f616464726573737c733a31393a22737368614073616e626564612e6564752e7068223b636f6e746163745f6e756d6265727c733a31323a22363339313032333439313233223b66756c6c5f6e616d657c733a31383a2254696d6f746879204a616d6573204275616e223b62617463687c733a393a22323031382d32303139223b6f72675f747970657c733a363a224e6f6e50726f223b706f736974696f6e7c733a31343a22526570726573656e746174697665223b7072656669787c733a343a2253534841223b6c6f676765645f696e7c623a313b757365725f747970657c693a303b),
('2egmt55b2l1d7dnvk4vagjudfop81tof', '::1', 1540862220, 0x5f5f63695f6c6173745f726567656e65726174657c693a313534303836313832323b6163636f756e745f69647c733a343a2242495453223b6f7267616e697a6174696f6e7c733a33363a22426564616e20496e666f726d6174696f6e20546563686e6f6c6f677920536f6369657479223b656d61696c5f616464726573737c733a31393a22626974734073616e626564612e6564752e7068223b636f6e746163745f6e756d6265727c733a31333a222b363339303535353737323938223b66756c6c5f6e616d657c733a32313a2241657468616e204d61747468657720496c6167616e223b62617463687c733a393a22323031382d32303139223b6f72675f747970657c733a333a2250726f223b706f736974696f6e7c733a31343a22526570726573656e746174697665223b7072656669787c733a343a2242495453223b6c6f676765645f696e7c623a313b757365725f747970657c693a303b),
('ki1ecb6qap5rftmd490mav5l7vgn7vpt', '::1', 1540862410, 0x5f5f63695f6c6173745f726567656e65726174657c693a313534303836323232343b6163636f756e745f69647c733a343a2242495453223b6f7267616e697a6174696f6e7c733a33363a22426564616e20496e666f726d6174696f6e20546563686e6f6c6f677920536f6369657479223b656d61696c5f616464726573737c733a31393a22626974734073616e626564612e6564752e7068223b636f6e746163745f6e756d6265727c733a31333a222b363339303535353737323938223b66756c6c5f6e616d657c733a32313a2241657468616e204d61747468657720496c6167616e223b62617463687c733a393a22323031382d32303139223b6f72675f747970657c733a333a2250726f223b706f736974696f6e7c733a31343a22526570726573656e746174697665223b7072656669787c733a343a2242495453223b6c6f676765645f696e7c623a313b757365725f747970657c693a303b),
('ruqv2m877m0h7a2qv62evqp4dou4m16r', '::1', 1540863026, 0x5f5f63695f6c6173745f726567656e65726174657c693a313534303836323834393b6163636f756e745f69647c733a343a2242495453223b6f7267616e697a6174696f6e7c733a33363a22426564616e20496e666f726d6174696f6e20546563686e6f6c6f677920536f6369657479223b656d61696c5f616464726573737c733a31393a22626974734073616e626564612e6564752e7068223b636f6e746163745f6e756d6265727c733a31333a222b363339303535353737323938223b66756c6c5f6e616d657c733a32313a2241657468616e204d61747468657720496c6167616e223b62617463687c733a393a22323031382d32303139223b6f72675f747970657c733a333a2250726f223b706f736974696f6e7c733a31343a22526570726573656e746174697665223b7072656669787c733a343a2242495453223b6c6f676765645f696e7c623a313b757365725f747970657c693a303b);

-- --------------------------------------------------------

--
-- Table structure for table `comments`
--

CREATE TABLE IF NOT EXISTS `comments` (
  `CommentID` varchar(50) NOT NULL,
  `Proposal_ID` varchar(50) NOT NULL,
  `Account_ID` varchar(50) NOT NULL,
  `Field` text NOT NULL,
  `Comment` text NOT NULL
) ENGINE=InnoDB DEFAULT CHARSET=latin1;

-- --------------------------------------------------------

--
-- Table structure for table `fixed_assets_requirements`
--

CREATE TABLE IF NOT EXISTS `fixed_assets_requirements` (
  `Far_ID` varchar(50) NOT NULL,
  `Proposal_ID` varchar(50) NOT NULL,
  `Account_ID` varchar(50) NOT NULL,
  `Item` text NOT NULL,
  `Quantity` double NOT NULL,
  `Unit_Price` double NOT NULL,
  `Total_Amount` double NOT NULL,
  `Source` text NOT NULL,
  `ProposalStatus` text NOT NULL,
  `OfficeProposal` text NOT NULL
) ENGINE=InnoDB DEFAULT CHARSET=latin1;

-- --------------------------------------------------------

--
-- Table structure for table `log`
--

CREATE TABLE IF NOT EXISTS `log` (
  `LogID` int(11) NOT NULL,
  `Activity` varchar(100) NOT NULL,
  `ActivityType` int(11) NOT NULL,
  `DateTime` datetime NOT NULL
) ENGINE=InnoDB AUTO_INCREMENT=686 DEFAULT CHARSET=latin1;

--
-- Dumping data for table `log`
--

INSERT INTO `log` (`LogID`, `Activity`, `ActivityType`, `DateTime`) VALUES
(9, 'User BITS logged in', 1, '2018-10-17 10:10:17'),
(10, 'User SBRL created the proposal 9589', 8, '2018-10-17 10:19:46'),
(11, 'User BITS logged out', 0, '2018-10-17 10:32:40'),
(12, 'User SBRL logged in', 1, '2018-10-17 10:32:52'),
(13, 'User SBRL logged out', 0, '2018-10-17 10:33:04'),
(14, 'User PSSBU logged in', 1, '2018-10-17 10:37:22'),
(15, 'User PSSBU viewed the proposal 9901', 2, '2018-10-17 10:37:28'),
(16, 'User PSSBU logged out', 0, '2018-10-17 10:37:41'),
(17, 'User UNESCO logged in', 1, '2018-10-17 10:45:17'),
(18, 'User UNESCO created the proposal 3678', 8, '2018-10-17 10:45:30'),
(19, 'User UNESCO logged out', 0, '2018-10-17 10:45:44'),
(20, 'User BITS logged in', 1, '2018-10-17 10:45:48'),
(21, 'User BITS viewed the proposal 4969', 2, '2018-10-17 10:45:53'),
(22, 'User BITS logged in', 1, '2018-10-18 07:53:07'),
(23, 'User BITS logged out', 0, '2018-10-18 08:34:45'),
(24, 'User BITS logged in', 1, '2018-10-18 04:34:32'),
(25, 'User BITS logged out', 0, '2018-10-18 04:40:41'),
(26, 'User PSSBU logged in', 1, '2018-10-18 04:51:25'),
(27, 'User PSSBU logged out', 0, '2018-10-18 04:51:30'),
(28, 'User BITS logged in', 1, '2018-10-18 04:52:56'),
(29, 'User BITS logged out', 0, '2018-10-18 04:54:12'),
(30, 'User SBRL logged in', 1, '2018-10-18 04:56:30'),
(31, 'User JPIA logged in', 1, '2018-10-18 05:00:12'),
(32, 'User JPIA logged out', 0, '2018-10-18 05:00:35'),
(33, 'User BITS logged in', 1, '2018-10-18 05:00:43'),
(34, 'User BITS viewed the proposal 4969', 2, '2018-10-18 05:01:07'),
(35, 'User BITS logged out', 0, '2018-10-18 05:01:39'),
(36, 'User SBRL logged out', 0, '2018-10-18 05:05:06'),
(37, 'User BITS logged in', 1, '2018-10-18 05:05:51'),
(38, 'User BITS logged out', 0, '2018-10-18 05:09:49'),
(39, 'User BITS logged in', 1, '2018-10-18 05:13:21'),
(40, 'User BITS logged out', 0, '2018-10-18 05:15:17'),
(41, 'User BITS logged in', 1, '2018-10-18 05:15:22'),
(42, 'User BITS logged in', 1, '2018-10-18 05:15:31'),
(43, 'User BITS logged out', 0, '2018-10-18 05:15:35'),
(44, 'User BITS logged in', 1, '2018-10-18 05:19:34'),
(45, 'User BITS logged out', 0, '2018-10-18 05:19:37'),
(46, 'User BITS logged in', 1, '2018-10-18 05:21:41'),
(47, 'User BITS logged out', 0, '2018-10-18 05:21:46'),
(48, 'User PSSBU logged in', 1, '2018-10-18 05:22:39'),
(49, 'User PSSBU viewed the proposal 9901', 2, '2018-10-18 05:22:45'),
(50, 'User PSSBU logged out', 0, '2018-10-18 05:22:49'),
(51, 'User BITS logged in', 1, '2018-10-18 05:30:58'),
(52, 'User BITS logged out', 0, '2018-10-18 05:31:04'),
(53, 'User BITS logged in', 1, '2018-10-18 05:31:21'),
(54, 'User BITS logged in', 1, '2018-10-18 07:39:55'),
(55, 'User BITS logged out', 0, '2018-10-18 07:53:45'),
(56, 'User SC_P logged in', 1, '2018-10-18 07:53:51'),
(57, 'User SC_P logged out', 0, '2018-10-18 07:53:57'),
(58, 'User OPSA_APP logged in', 1, '2018-10-18 07:54:06'),
(59, 'User OPSA_APP viewed the proposal 9074', 2, '2018-10-18 07:54:09'),
(60, 'User OPSA_APP approved the proposal 9074', 3, '2018-10-18 07:54:12'),
(61, 'User OPSA_APP viewed the proposal 9074', 2, '2018-10-18 07:54:12'),
(62, 'User OPSA_APP logged out', 0, '2018-10-18 07:54:16'),
(63, 'User OPSA_P logged in', 1, '2018-10-18 07:54:28'),
(64, 'User OPSA_P viewed the proposal 9074', 2, '2018-10-18 07:54:31'),
(65, 'User OPSA_P approved the proposal 9074', 3, '2018-10-18 07:54:34'),
(66, 'User OPSA_P viewed the proposal 9074', 2, '2018-10-18 07:54:34'),
(67, 'User OPSA_P logged out', 0, '2018-10-18 07:54:39'),
(68, 'User OPSA_APP logged in', 1, '2018-10-18 07:54:45'),
(69, 'User OPSA_APP logged out', 0, '2018-10-18 07:54:53'),
(70, 'User OD logged in', 1, '2018-10-18 07:54:57'),
(71, 'User OD viewed the proposal 9074', 2, '2018-10-18 07:55:00'),
(72, 'User OD approved the proposal 9074', 3, '2018-10-18 07:55:03'),
(73, 'User OD viewed the proposal 9074', 2, '2018-10-18 07:55:04'),
(74, 'User OD logged out', 0, '2018-10-18 07:55:08'),
(75, 'User BITS logged in', 1, '2018-10-18 07:55:12'),
(76, 'User BITS logged out', 0, '2018-10-18 07:59:52'),
(77, 'User PSSBU logged in', 1, '2018-10-18 07:59:58'),
(78, 'User PSSBU logged out', 0, '2018-10-18 08:02:56'),
(79, 'User BITS logged in', 1, '2018-10-18 08:03:00'),
(80, 'User BITS logged out', 0, '2018-10-18 08:15:16'),
(81, 'User PSSBU logged in', 1, '2018-10-18 08:15:19'),
(82, 'User PSSBU logged out', 0, '2018-10-18 08:27:31'),
(83, 'User BITS logged in', 1, '2018-10-18 08:27:34'),
(84, 'User BITS created the proposal 6127', 8, '2018-10-18 08:29:10'),
(85, 'User BITS created the proposal 5137', 8, '2018-10-18 08:35:37'),
(86, 'User BITS viewed the proposal 9074', 2, '2018-10-18 08:40:15'),
(87, 'User BITS viewed the proposal 4969', 2, '2018-10-18 08:40:57'),
(88, 'User BITS logged out', 0, '2018-10-18 08:43:57'),
(89, 'User SC_SG logged in', 1, '2018-10-18 08:44:02'),
(90, 'User SC_SG logged out', 0, '2018-10-18 08:46:01'),
(91, 'User BITS logged in', 1, '2018-10-18 08:46:06'),
(92, 'User BITS logged out', 0, '2018-10-18 08:46:19'),
(93, 'User OD logged in', 1, '2018-10-18 08:46:22'),
(94, 'User OD logged out', 0, '2018-10-18 08:46:36'),
(95, 'User BITS logged in', 1, '2018-10-19 11:03:36'),
(96, 'User BITS viewed the proposal 9074', 2, '2018-10-19 11:05:10'),
(97, 'User BITS viewed the proposal 4969', 2, '2018-10-19 11:05:21'),
(98, 'User BITS viewed the proposal 9074', 2, '2018-10-19 11:05:26'),
(99, 'User BITS viewed the proposal 9074', 2, '2018-10-19 11:05:35'),
(100, 'User BITS viewed the proposal 4969', 2, '2018-10-19 11:10:12'),
(101, 'User BITS logged out', 0, '2018-10-19 11:10:35'),
(102, 'User SC_SG logged in', 1, '2018-10-19 11:13:18'),
(103, 'User SC_SG viewed the proposal 4969', 2, '2018-10-19 11:13:26'),
(104, 'User SC_SG viewed the proposal 4969', 2, '2018-10-19 11:14:40'),
(105, 'User SC_SG logged out', 0, '2018-10-19 11:14:49'),
(106, 'User BITS logged in', 1, '2018-10-19 11:14:53'),
(107, 'User BITS viewed the proposal 4969', 2, '2018-10-19 11:14:58'),
(108, 'User BITS viewed the proposal 9074', 2, '2018-10-19 11:15:05'),
(109, 'User BITS viewed the proposal 9074', 2, '2018-10-19 11:17:03'),
(110, 'User BITS logged out', 0, '2018-10-19 11:17:11'),
(111, 'User OD logged in', 1, '2018-10-19 11:17:18'),
(112, 'User OD logged out', 0, '2018-10-19 11:17:22'),
(113, 'User SC_P logged in', 1, '2018-10-19 11:17:30'),
(114, 'User SC_P logged out', 0, '2018-10-19 11:34:38'),
(115, 'User BITS logged in', 1, '2018-10-19 11:34:41'),
(116, 'User BITS logged out', 0, '2018-10-19 11:37:27'),
(117, 'User SC_P logged in', 1, '2018-10-19 11:37:32'),
(118, 'User SC_P logged out', 0, '2018-10-19 11:39:42'),
(119, 'User BITS logged in', 1, '2018-10-19 11:39:46'),
(120, 'User BITS viewed the proposal 9074', 2, '2018-10-19 11:39:59'),
(121, 'User BITS logged out', 0, '2018-10-19 11:40:35'),
(122, 'User SC_SG logged in', 1, '2018-10-19 11:40:40'),
(123, 'User SC_SG viewed the proposal 4969', 2, '2018-10-19 11:58:03'),
(124, 'User SC_SG viewed the proposal 4969', 2, '2018-10-19 12:05:39'),
(125, 'User SC_SG viewed the proposal 4969', 2, '2018-10-19 12:06:05'),
(126, 'User SC_SG viewed the proposal 4969', 2, '2018-10-19 12:06:32'),
(127, 'User SC_SG viewed the proposal 4969', 2, '2018-10-19 12:06:43'),
(128, 'User SC_SG viewed the proposal 9074', 2, '2018-10-19 12:06:52'),
(129, 'User SC_SG viewed the proposal 9074', 2, '2018-10-19 12:07:49'),
(130, 'User SC_SG viewed the proposal 9074', 2, '2018-10-19 12:08:13'),
(131, 'User SC_SG viewed the proposal 9074', 2, '2018-10-19 12:08:21'),
(132, 'User SC_SG viewed the proposal 9074', 2, '2018-10-19 12:08:33'),
(133, 'User SC_SG viewed the proposal 9074', 2, '2018-10-19 12:08:44'),
(134, 'User SC_SG viewed the proposal 4969', 2, '2018-10-19 12:08:53'),
(135, 'User SC_SG viewed the proposal 9074', 2, '2018-10-19 12:09:10'),
(136, 'User SC_SG logged out', 0, '2018-10-19 12:09:15'),
(137, 'User SC_P logged in', 1, '2018-10-19 12:09:20'),
(138, 'User SC_P logged out', 0, '2018-10-19 12:09:34'),
(139, 'User OD logged in', 1, '2018-10-19 12:09:37'),
(140, 'User OD logged out', 0, '2018-10-19 12:09:46'),
(141, 'User PSSBU logged in', 1, '2018-10-19 12:10:36'),
(142, 'User PSSBU logged out', 0, '2018-10-19 12:11:07'),
(143, 'User BITS logged in', 1, '2018-10-19 12:11:11'),
(144, 'User BITS logged out', 0, '2018-10-19 12:11:16'),
(145, 'User SC_SG logged in', 1, '2018-10-19 12:11:19'),
(146, 'User SC_SG logged out', 0, '2018-10-19 12:11:27'),
(147, 'User SC_P logged in', 1, '2018-10-19 12:11:46'),
(148, 'User SC_P logged out', 0, '2018-10-19 12:16:39'),
(149, 'User SC_SG logged in', 1, '2018-10-19 12:16:45'),
(150, 'User SC_SG viewed the proposal 4969', 2, '2018-10-19 12:16:47'),
(151, 'User SC_SG approved the proposal 4969', 3, '2018-10-19 12:16:48'),
(152, 'User SC_SG viewed the proposal 4969', 2, '2018-10-19 12:16:48'),
(153, 'User SC_SG logged out', 0, '2018-10-19 12:17:41'),
(154, 'User BITS logged in', 1, '2018-10-19 12:17:44'),
(155, 'User BITS logged out', 0, '2018-10-19 12:20:50'),
(156, 'User PSSBU logged in', 1, '2018-10-19 12:20:57'),
(157, 'User PSSBU logged out', 0, '2018-10-19 12:21:18'),
(158, 'User SC_SG logged in', 1, '2018-10-19 12:21:22'),
(159, 'User SC_SG viewed the proposal 9901', 2, '2018-10-19 12:26:34'),
(160, 'User SC_SG viewed the proposal 4969', 2, '2018-10-19 12:27:02'),
(161, 'User SC_SG viewed the proposal 9901', 2, '2018-10-19 12:27:13'),
(162, 'User SC_SG logged out', 0, '2018-10-19 12:28:32'),
(163, 'User OPSA_P logged in', 1, '2018-10-19 12:28:37'),
(164, 'User OPSA_P logged out', 0, '2018-10-19 12:28:40'),
(165, 'User OPSA_APP logged in', 1, '2018-10-19 12:28:46'),
(166, 'User OPSA_APP logged out', 0, '2018-10-19 12:28:49'),
(167, 'User OPSA_APN logged in', 1, '2018-10-19 12:28:57'),
(168, 'User OPSA_APN logged out', 0, '2018-10-19 12:29:00'),
(169, 'User PSSBU logged in', 1, '2018-10-19 12:29:08'),
(170, 'User PSSBU viewed the proposal 9901', 2, '2018-10-19 12:29:11'),
(171, 'User PSSBU revised the proposal 9901', 6, '2018-10-19 12:29:19'),
(172, 'User PSSBU viewed the proposal 9901', 2, '2018-10-19 12:29:21'),
(173, 'User PSSBU viewed the proposal 9901', 2, '2018-10-19 12:31:45'),
(174, 'User PSSBU viewed the proposal 9901', 2, '2018-10-19 12:32:22'),
(175, 'User PSSBU viewed the proposal 9901', 2, '2018-10-19 12:32:29'),
(176, 'User PSSBU logged out', 0, '2018-10-19 12:32:33'),
(177, 'User OPSA_APP logged in', 1, '2018-10-19 12:32:36'),
(178, 'User OPSA_APP logged out', 0, '2018-10-19 12:33:10'),
(179, 'User BITS logged in', 1, '2018-10-19 12:33:13'),
(180, 'User BITS logged out', 0, '2018-10-19 12:33:17'),
(181, 'User SC_P logged in', 1, '2018-10-19 12:33:27'),
(182, 'User SC_P logged out', 0, '2018-10-19 12:35:29'),
(183, 'User BITS logged in', 1, '2018-10-19 12:35:37'),
(184, 'User BITS logged out', 0, '2018-10-19 12:36:04'),
(185, 'User PSSBU logged in', 1, '2018-10-19 12:36:07'),
(186, 'User PSSBU logged out', 0, '2018-10-19 12:36:14'),
(187, 'User BITS logged in', 1, '2018-10-19 12:38:59'),
(188, 'User BITS logged out', 0, '2018-10-19 12:39:14'),
(189, 'User SC_SG logged in', 1, '2018-10-19 12:40:49'),
(190, 'User SC_SG logged out', 0, '2018-10-19 12:45:20'),
(191, 'User OPSA_APP logged in', 1, '2018-10-19 12:45:24'),
(192, 'User OPSA_APP viewed the proposal 9901', 2, '2018-10-19 12:45:33'),
(193, 'User OPSA_APP viewed the proposal 9901', 2, '2018-10-19 12:46:16'),
(194, 'User OPSA_APP logged out', 0, '2018-10-19 12:46:27'),
(195, 'User OD logged in', 1, '2018-10-19 12:46:30'),
(196, 'User OD logged out', 0, '2018-10-19 12:58:03'),
(197, 'User OPSA_P logged in', 1, '2018-10-19 12:58:09'),
(198, 'User OPSA_P logged out', 0, '2018-10-19 12:58:13'),
(199, 'User OPSA_APP logged in', 1, '2018-10-19 12:58:18'),
(200, 'User OPSA_APP logged out', 0, '2018-10-19 12:58:24'),
(201, 'User SC_P logged in', 1, '2018-10-19 12:58:28'),
(202, 'User SC_P logged out', 0, '2018-10-19 01:00:04'),
(203, 'User OD logged in', 1, '2018-10-19 01:00:06'),
(204, 'User OD logged out', 0, '2018-10-19 01:00:19'),
(205, 'User SC_SG logged in', 1, '2018-10-19 01:00:22'),
(206, 'User SC_SG viewed the proposal 9901', 2, '2018-10-19 01:06:29'),
(207, 'User SC_SG logged out', 0, '2018-10-19 01:11:55'),
(208, 'User BITS logged in', 1, '2018-10-19 01:11:59'),
(209, 'User BITS logged out', 0, '2018-10-19 01:12:08'),
(210, 'User PSSBU logged in', 1, '2018-10-19 01:12:11'),
(211, 'User PSSBU logged out', 0, '2018-10-19 01:12:38'),
(212, 'User SBRL logged in', 1, '2018-10-19 01:12:41'),
(213, 'User SBRL logged out', 0, '2018-10-19 01:13:07'),
(214, 'User BITS logged in', 1, '2018-10-19 01:28:39'),
(215, 'User BITS viewed the proposal 4969', 2, '2018-10-19 01:31:38'),
(216, 'User BITS logged out', 0, '2018-10-19 01:31:51'),
(217, 'User BITS logged in', 1, '2018-10-20 05:54:46'),
(218, 'User BITS logged out', 0, '2018-10-20 05:59:21'),
(219, 'User SC_SG logged in', 1, '2018-10-20 05:59:29'),
(220, 'User SC_SG logged out', 0, '2018-10-20 06:00:06'),
(221, 'User PSSBU logged in', 1, '2018-10-20 06:00:09'),
(222, 'User PSSBU logged out', 0, '2018-10-20 06:00:14'),
(223, 'User BBSF logged in', 1, '2018-10-20 06:00:45'),
(224, 'User BBSF logged out', 0, '2018-10-20 06:00:56'),
(225, 'User BITS logged in', 1, '2018-10-20 06:15:20'),
(226, 'User BITS logged in', 1, '2018-10-21 08:41:51'),
(227, 'User BITS viewed the proposal 4969', 2, '2018-10-21 08:51:25'),
(228, 'User BITS viewed the proposal 4969', 2, '2018-10-21 08:52:01'),
(229, 'User BITS viewed the proposal 4969', 2, '2018-10-21 08:52:06'),
(230, 'User BITS viewed the proposal 9074', 2, '2018-10-21 08:52:13'),
(231, 'User BITS created the proposal 6112', 8, '2018-10-21 08:52:43'),
(232, 'User BITS logged out', 0, '2018-10-21 08:55:02'),
(233, 'User SC_SG logged in', 1, '2018-10-21 08:55:08'),
(234, 'User SC_SG logged out', 0, '2018-10-21 09:14:38'),
(235, 'User PSSBU logged in', 1, '2018-10-21 09:14:42'),
(236, 'User PSSBU created the proposal 6687', 8, '2018-10-21 09:14:46'),
(237, 'User PSSBU deleted a draft proposal', 11, '2018-10-21 09:15:18'),
(238, 'User PSSBU logged out', 0, '2018-10-21 09:15:37'),
(239, 'User BITS logged in', 1, '2018-10-21 09:17:02'),
(240, 'User BITS logged out', 0, '2018-10-21 09:21:19'),
(241, 'User BITS logged in', 1, '2018-10-21 09:21:35'),
(242, 'User BITS logged out', 0, '2018-10-21 09:21:44'),
(243, 'User BITS logged in', 1, '2018-10-21 09:22:49'),
(244, 'User BITS logged out', 0, '2018-10-21 09:23:40'),
(245, 'User BITS logged in', 1, '2018-10-21 09:26:08'),
(246, 'User BITS logged out', 0, '2018-10-21 09:26:23'),
(247, 'User PSSBU logged in', 1, '2018-10-21 09:26:27'),
(248, 'User PSSBU viewed the proposal 9901', 2, '2018-10-21 09:26:43'),
(249, 'User PSSBU logged out', 0, '2018-10-21 09:28:32'),
(250, 'User BMG logged in', 1, '2018-10-21 09:33:24'),
(251, 'User BMG logged out', 0, '2018-10-21 09:34:16'),
(252, 'User BSG logged in', 1, '2018-10-21 09:34:20'),
(253, 'User BSG logged out', 0, '2018-10-21 09:34:30'),
(254, 'User BDT logged in', 1, '2018-10-21 09:36:04'),
(255, 'User BDT logged out', 0, '2018-10-21 09:51:15'),
(256, 'User JPIA logged in', 1, '2018-10-21 09:51:24'),
(257, 'User JPIA logged out', 0, '2018-10-21 09:52:16'),
(258, 'User JPIA logged in', 1, '2018-10-21 09:54:51'),
(259, 'User JPIA logged out', 0, '2018-10-21 09:55:16'),
(260, 'User BBSF logged in', 1, '2018-10-21 09:55:22'),
(261, 'User SC logged in', 1, '2018-10-21 09:57:10'),
(262, 'User SC logged out', 0, '2018-10-21 09:57:19'),
(263, 'User SBRL logged in', 1, '2018-10-21 09:57:23'),
(264, 'User SBRL logged out', 0, '2018-10-21 09:57:28'),
(265, 'User SC logged in', 1, '2018-10-21 09:58:34'),
(266, 'User SC logged out', 0, '2018-10-21 09:58:40'),
(267, 'User JPIA logged in', 1, '2018-10-21 09:58:44'),
(268, 'User JPIA logged out', 0, '2018-10-21 09:59:03'),
(269, 'User OPSA_P logged in', 1, '2018-10-21 09:59:15'),
(270, 'User OPSA_P logged out', 0, '2018-10-21 10:02:37'),
(271, 'User BITS logged in', 1, '2018-10-21 10:02:40'),
(272, 'User BITS logged out', 0, '2018-10-21 10:08:03'),
(273, 'User BITS logged in', 1, '2018-10-21 10:08:08'),
(274, 'User BITS logged out', 0, '2018-10-21 10:08:11'),
(275, 'User OD logged in', 1, '2018-10-21 10:08:15'),
(276, 'User OD logged out', 0, '2018-10-21 10:10:37'),
(277, 'User PSSBU logged in', 1, '2018-10-21 10:10:43'),
(278, 'User PSSBU logged out', 0, '2018-10-21 10:10:48'),
(279, 'User BITS logged in', 1, '2018-10-21 10:10:58'),
(280, 'User BITS logged out', 0, '2018-10-21 10:11:03'),
(281, 'User OD logged in', 1, '2018-10-21 10:12:30'),
(282, 'User OD logged out', 0, '2018-10-21 10:15:47'),
(283, 'User OPSA_APN logged in', 1, '2018-10-21 10:16:03'),
(284, 'User OPSA_APN logged out', 0, '2018-10-21 10:16:15'),
(285, 'User SC_P logged in', 1, '2018-10-21 10:16:19'),
(286, 'User SC_P logged out', 0, '2018-10-21 10:16:39'),
(287, 'User BMG logged in', 1, '2018-10-21 10:16:45'),
(288, 'User BMG logged out', 0, '2018-10-21 10:16:52'),
(289, 'User MANSOC logged in', 1, '2018-10-21 10:16:57'),
(290, 'User MANSOC logged out', 0, '2018-10-21 10:17:19'),
(291, 'User PSSBU logged in', 1, '2018-10-21 10:17:32'),
(292, 'User PSSBU logged out', 0, '2018-10-21 10:17:43'),
(293, 'User SC_TR logged in', 1, '2018-10-21 10:17:51'),
(294, 'User SC_TR logged out', 0, '2018-10-21 10:18:11'),
(295, 'User SC_SG logged in', 1, '2018-10-21 10:18:16'),
(296, 'User SC_SG logged out', 0, '2018-10-21 10:18:38'),
(297, 'User BITS logged in', 1, '2018-10-21 11:52:24'),
(298, 'User BITS logged out', 0, '2018-10-21 11:52:31'),
(299, 'User BITS logged in', 1, '2018-10-21 12:23:53'),
(300, 'User BITS logged out', 0, '2018-10-21 12:24:00'),
(301, 'User BITS logged in', 1, '2018-10-21 12:44:34'),
(302, 'User BITS viewed the proposal 4969', 2, '2018-10-21 12:54:29'),
(303, 'User BITS viewed the proposal 4969', 2, '2018-10-21 01:15:59'),
(304, 'User BITS viewed the proposal 9074', 2, '2018-10-21 01:16:07'),
(305, 'User BITS logged out', 0, '2018-10-21 01:16:20'),
(306, 'User PSSBU logged in', 1, '2018-10-21 01:16:27'),
(307, 'User PSSBU logged out', 0, '2018-10-21 01:16:35'),
(308, 'User SC logged in', 1, '2018-10-21 01:16:39'),
(309, 'User SC logged out', 0, '2018-10-21 01:16:59'),
(310, 'User OD logged in', 1, '2018-10-21 01:17:03'),
(311, 'User OD logged out', 0, '2018-10-21 01:18:34'),
(312, 'User SC_SG logged in', 1, '2018-10-21 01:18:38'),
(313, 'User BITS logged in', 1, '2018-10-21 01:25:05'),
(314, 'User BITS logged out', 0, '2018-10-21 01:27:21'),
(315, 'User SBRL logged in', 1, '2018-10-21 01:27:25'),
(316, 'User SBRL created the proposal 6167', 8, '2018-10-21 01:27:35'),
(317, 'User SBRL deleted a draft proposal', 11, '2018-10-21 01:29:23'),
(318, 'User SBRL logged out', 0, '2018-10-21 01:29:45'),
(319, 'User BDT logged in', 1, '2018-10-21 01:35:36'),
(320, 'User BDT logged out', 0, '2018-10-21 01:54:31'),
(321, 'User BITS logged in', 1, '2018-10-21 02:03:31'),
(322, 'User BITS logged out', 0, '2018-10-21 02:03:34'),
(323, 'User BITS logged in', 1, '2018-10-21 02:08:08'),
(324, 'User BITS logged in', 1, '2018-10-21 02:08:15'),
(325, 'User BITS logged out', 0, '2018-10-21 02:08:19'),
(326, 'User BITS logged in', 1, '2018-10-21 02:08:29'),
(327, 'User BITS logged in', 1, '2018-10-21 02:09:56'),
(328, 'User BITS logged out', 0, '2018-10-21 02:12:00'),
(329, 'User BITS logged in', 1, '2018-10-21 02:12:11'),
(330, 'User  logged out', 0, '2018-10-21 02:12:14'),
(331, 'User SC_SG logged in', 1, '2018-10-21 02:12:49'),
(332, 'User  logged out', 0, '2018-10-21 02:12:53'),
(333, 'User  logged out', 0, '2018-10-21 02:13:40'),
(334, 'User BiTS logged in', 1, '2018-10-21 02:13:53'),
(335, 'User  logged out', 0, '2018-10-21 02:13:55'),
(336, 'User TS_BITS logged in', 1, '2018-10-21 02:16:54'),
(337, 'User BITS logged in', 1, '2018-10-21 02:17:27'),
(338, 'User BITS logged out', 0, '2018-10-21 02:17:39'),
(339, 'User TS_BITS logged in', 1, '2018-10-21 02:18:53'),
(340, 'User  logged out', 0, '2018-10-21 02:19:13'),
(341, 'User BITS logged in', 1, '2018-10-21 02:24:43'),
(342, 'User BITS logged out', 0, '2018-10-21 02:24:46'),
(343, 'User TS_BITS logged in', 1, '2018-10-21 02:24:53'),
(344, 'User  logged out', 0, '2018-10-21 02:25:34'),
(345, 'User BITS logged in', 1, '2018-10-21 02:26:12'),
(346, 'User BITS logged out', 0, '2018-10-21 02:26:15'),
(347, 'User tS_BITS logged in', 1, '2018-10-21 02:26:44'),
(348, 'User  logged out', 0, '2018-10-21 02:26:53'),
(349, 'User TS_BITS logged in', 1, '2018-10-21 02:27:26'),
(350, 'User  logged out', 0, '2018-10-21 02:27:29'),
(351, 'User BITS logged in', 1, '2018-10-21 02:29:42'),
(352, 'User BITS logged out', 0, '2018-10-21 02:29:44'),
(353, 'User TS_BITS logged in', 1, '2018-10-21 02:29:52'),
(354, 'User TS_BITS logged out', 0, '2018-10-21 02:30:10'),
(355, 'User TS_BITS logged in', 1, '2018-10-21 02:42:59'),
(356, 'User TS_BITS logged out', 0, '2018-10-21 02:43:03'),
(357, 'User BITS logged in', 1, '2018-10-21 05:00:00'),
(358, 'User TS_BITS logged in', 1, '2018-10-21 05:00:12'),
(359, 'User TS_BITS logged out', 0, '2018-10-21 05:00:22'),
(360, 'User TS_BITS logged in', 1, '2018-10-21 05:00:27'),
(361, 'User BITS logged out', 0, '2018-10-21 05:00:34'),
(362, 'User OD logged in', 1, '2018-10-22 11:45:36'),
(363, 'User OD viewed the proposal 9074', 2, '2018-10-22 11:45:47'),
(364, 'User OD viewed the proposal 9074', 2, '2018-10-22 11:46:25'),
(365, 'User unesco logged in', 1, '2018-10-22 03:50:52'),
(366, 'User unesco logged out', 0, '2018-10-22 03:50:57'),
(367, 'User BITS logged in', 1, '2018-10-22 09:32:38'),
(368, 'User BITS logged out', 0, '2018-10-22 09:32:45'),
(369, 'User TS_BITS logged in', 1, '2018-10-22 09:32:57'),
(370, 'User TS_BITS logged out', 0, '2018-10-22 09:33:00'),
(371, 'User BITS logged in', 1, '2018-10-22 10:37:05'),
(372, 'User BITS logged out', 0, '2018-10-22 10:37:15'),
(373, 'User TS_BITS logged in', 1, '2018-10-22 10:37:24'),
(374, 'User TS_BITS logged out', 0, '2018-10-22 10:38:00'),
(375, 'User TS_BITS logged in', 1, '2018-10-22 10:52:33'),
(376, 'User TS_BITS logged in', 1, '2018-10-23 09:53:04'),
(377, 'User TS_BITS logged out', 0, '2018-10-23 10:12:46'),
(378, 'User TS_BITS logged in', 1, '2018-10-23 10:14:34'),
(379, 'User TS_BITS logged out', 0, '2018-10-23 10:15:21'),
(380, 'User BITS logged in', 1, '2018-10-23 03:41:16'),
(381, 'User  logged out', 0, '2018-10-23 09:06:58'),
(382, 'User BITS logged in', 1, '2018-10-23 09:33:38'),
(383, 'User BITS logged out', 0, '2018-10-23 09:34:21'),
(384, 'User SBRL logged in', 1, '2018-10-23 09:34:25'),
(385, 'User SBRL viewed the proposal 9074', 2, '2018-10-23 09:35:12'),
(386, 'User BITS logged in', 1, '2018-10-24 07:33:02'),
(387, 'User BITS created the proposal 9761', 8, '2018-10-24 07:33:24'),
(388, 'User BITS saved a proposal draft', 7, '2018-10-24 07:33:31'),
(389, 'User BITS saved a proposal draft', 7, '2018-10-24 07:33:36'),
(390, 'User BITS saved a proposal draft', 7, '2018-10-24 07:33:49'),
(391, 'User BITS logged out', 0, '2018-10-24 07:34:48'),
(392, 'User BITS logged in', 1, '2018-10-24 07:35:04'),
(393, 'User BITS created the proposal 6090', 8, '2018-10-24 07:41:07'),
(394, 'User BITS created the proposal 2259', 8, '2018-10-24 07:42:34'),
(395, 'User BITS created the proposal 8071', 8, '2018-10-24 07:42:46'),
(396, 'User BITS created the proposal 1510', 8, '2018-10-24 07:44:12'),
(397, 'User BITS created the proposal 9876', 8, '2018-10-24 07:47:25'),
(398, 'User BITS created the proposal 3947', 8, '2018-10-24 07:47:34'),
(399, 'User BITS created the proposal 1407', 8, '2018-10-24 07:48:28'),
(400, 'User BITS saved a proposal draft', 7, '2018-10-24 07:48:54'),
(401, 'User BITS submitted the proposal 0', 9, '2018-10-24 07:52:56'),
(402, 'User BITS viewed the proposal 1407', 2, '2018-10-24 07:53:01'),
(403, 'User BITS created the proposal 9496', 8, '2018-10-24 07:53:08'),
(404, 'User BITS created the proposal 8891', 8, '2018-10-24 08:58:50'),
(405, 'User BITS saved a proposal draft', 7, '2018-10-24 08:59:16'),
(406, 'User BITS saved a proposal draft', 7, '2018-10-24 08:59:31'),
(407, 'User BITS saved a proposal draft', 7, '2018-10-24 09:01:48'),
(408, 'User BITS saved a proposal draft', 7, '2018-10-24 09:03:14'),
(409, 'User BITS saved a proposal draft', 7, '2018-10-24 09:05:54'),
(410, 'User BITS saved a proposal draft', 7, '2018-10-24 09:06:12'),
(411, 'User BITS created the proposal 2202', 8, '2018-10-24 10:39:06'),
(412, 'User BITS logged in', 1, '2018-10-25 07:43:21'),
(413, 'User SC_SG logged in', 1, '2018-10-26 11:18:54'),
(414, 'User SC_SG logged out', 0, '2018-10-26 11:19:53'),
(415, 'User SBRL logged in', 1, '2018-10-26 11:19:59'),
(416, 'User SBRL created the proposal 5275', 8, '2018-10-26 11:20:15'),
(417, 'User SBRL saved a proposal draft', 7, '2018-10-26 11:20:33'),
(418, 'User SBRL submitted the proposal 0', 9, '2018-10-26 11:20:38'),
(419, 'User SBRL logged out', 0, '2018-10-26 11:20:53'),
(420, 'User BBS logged in', 1, '2018-10-26 11:21:08'),
(421, 'User BBS created the proposal 1941', 8, '2018-10-26 11:21:22'),
(422, 'User BBS submitted the proposal 0', 9, '2018-10-26 11:22:42'),
(423, 'User BBS viewed the proposal 1941', 2, '2018-10-26 11:22:54'),
(424, 'User BBS logged out', 0, '2018-10-26 11:26:00'),
(425, 'User SC_SG logged in', 1, '2018-10-26 11:26:08'),
(426, 'User SC_SG logged out', 0, '2018-10-26 11:43:07'),
(427, 'User BITS logged in', 1, '2018-10-26 11:43:12'),
(428, 'User BITS logged out', 0, '2018-10-26 11:44:33'),
(429, 'User SC_SG logged in', 1, '2018-10-26 11:44:38'),
(430, 'User SC_SG viewed the proposal 1407', 2, '2018-10-26 11:45:04'),
(431, 'User SC_SG approved the proposal 1407', 3, '2018-10-26 11:45:07'),
(432, 'User SC_SG viewed the proposal 1407', 2, '2018-10-26 11:45:07'),
(433, 'User SC_SG viewed the proposal 1407', 2, '2018-10-26 12:40:42'),
(434, 'User SC_SG viewed the proposal 5275', 2, '2018-10-26 12:49:50'),
(435, 'User BITS logged in', 1, '2018-10-27 05:34:17'),
(436, 'User BITS logged out', 0, '2018-10-27 05:34:56'),
(437, 'User OPSA_APP logged in', 1, '2018-10-27 05:35:09'),
(438, 'User OPSA_APP logged out', 0, '2018-10-27 05:35:38'),
(439, 'User BITS logged in', 1, '2018-10-27 05:35:43'),
(440, 'User BITS created the proposal 1696', 8, '2018-10-27 05:36:05'),
(441, 'User BITS logged out', 0, '2018-10-27 05:36:20'),
(442, 'User BITS logged in', 1, '2018-10-27 05:36:43'),
(443, 'User BITS created the proposal 4842', 8, '2018-10-27 05:38:17'),
(444, 'User BITS saved a proposal draft', 7, '2018-10-27 05:38:28'),
(445, 'User SSHA logged in', 1, '2018-10-28 08:38:27'),
(446, 'User SSHA created the proposal 3992', 8, '2018-10-28 08:38:38'),
(447, 'User SSHA created the proposal 9283', 8, '2018-10-28 08:51:35'),
(448, 'User SSHA saved a proposal draft', 7, '2018-10-28 08:58:43'),
(449, 'User SSHA saved a proposal draft', 7, '2018-10-28 08:58:53'),
(450, 'User SSHA saved a proposal draft', 7, '2018-10-28 09:43:23'),
(451, 'User SSHA saved a proposal draft', 7, '2018-10-28 10:36:37'),
(452, 'User SSHA saved a proposal draft', 7, '2018-10-28 10:36:52'),
(453, 'User SSHA saved a proposal draft', 7, '2018-10-28 10:39:13'),
(454, 'User SSHA saved a proposal draft', 7, '2018-10-28 10:39:47'),
(455, 'User SSHA saved a proposal draft', 7, '2018-10-28 10:39:59'),
(456, 'User SSHA saved a proposal draft', 7, '2018-10-28 10:40:36'),
(457, 'User SSHA saved a proposal draft', 7, '2018-10-28 10:41:00'),
(458, 'User SSHA saved a proposal draft', 7, '2018-10-28 11:07:50'),
(459, 'User SSHA saved a proposal draft', 7, '2018-10-28 11:08:23'),
(460, 'User SSHA saved a proposal draft', 7, '2018-10-28 11:08:33'),
(461, 'User SSHA saved a proposal draft', 7, '2018-10-28 11:08:36'),
(462, 'User SSHA saved a proposal draft', 7, '2018-10-28 11:08:45'),
(463, 'User SSHA saved a proposal draft', 7, '2018-10-28 11:08:45'),
(464, 'User SSHA saved a proposal draft', 7, '2018-10-28 11:08:46'),
(465, 'User SSHA saved a proposal draft', 7, '2018-10-28 11:08:46'),
(466, 'User SSHA saved a proposal draft', 7, '2018-10-28 11:09:23'),
(467, 'User SSHA saved a proposal draft', 7, '2018-10-28 11:09:39'),
(468, 'User SSHA saved a proposal draft', 7, '2018-10-28 11:09:58'),
(469, 'User SSHA saved a proposal draft', 7, '2018-10-28 11:10:12'),
(470, 'User SSHA saved a proposal draft', 7, '2018-10-28 11:10:28'),
(471, 'User SSHA saved a proposal draft', 7, '2018-10-28 11:11:08'),
(472, 'User SSHA saved a proposal draft', 7, '2018-10-28 11:11:29'),
(473, 'User SSHA saved a proposal draft', 7, '2018-10-28 11:11:43'),
(474, 'User SSHA saved a proposal draft', 7, '2018-10-28 11:12:23'),
(475, 'User SSHA saved a proposal draft', 7, '2018-10-28 11:51:14'),
(476, 'User SSHA saved a proposal draft', 7, '2018-10-28 11:51:48'),
(477, 'User SSHA saved a proposal draft', 7, '2018-10-28 11:53:10'),
(478, 'User SSHA saved a proposal draft', 7, '2018-10-28 11:53:36'),
(479, 'User SSHA saved a proposal draft', 7, '2018-10-28 12:08:46'),
(480, 'User SSHA saved a proposal draft', 7, '2018-10-28 12:24:06'),
(481, 'User SSHA saved a proposal draft', 7, '2018-10-28 12:25:05'),
(482, 'User SSHA saved a proposal draft', 7, '2018-10-28 12:25:46'),
(483, 'User SSHA saved a proposal draft', 7, '2018-10-28 12:25:51'),
(484, 'User SSHA saved a proposal draft', 7, '2018-10-28 12:34:27'),
(485, 'User SSHA saved a proposal draft', 7, '2018-10-28 12:34:33'),
(486, 'User SSHA saved a proposal draft', 7, '2018-10-28 12:52:06'),
(487, 'User SSHA saved a proposal draft', 7, '2018-10-28 12:52:34'),
(488, 'User SSHA saved a proposal draft', 7, '2018-10-28 12:53:12'),
(489, 'User SSHA saved a proposal draft', 7, '2018-10-28 12:59:29'),
(490, 'User SSHA saved a proposal draft', 7, '2018-10-28 12:59:37'),
(491, 'User SSHA saved a proposal draft', 7, '2018-10-28 12:59:50'),
(492, 'User SSHA saved a proposal draft', 7, '2018-10-28 01:00:18'),
(493, 'User SSHA saved a proposal draft', 7, '2018-10-28 01:00:53'),
(494, 'User SSHA saved a proposal draft', 7, '2018-10-28 01:00:58'),
(495, 'User SSHA saved a proposal draft', 7, '2018-10-28 01:08:36'),
(496, 'User SSHA saved a proposal draft', 7, '2018-10-28 01:09:48'),
(497, 'User SSHA saved a proposal draft', 7, '2018-10-28 01:11:49'),
(498, 'User SSHA saved a proposal draft', 7, '2018-10-28 01:12:11'),
(499, 'User SSHA saved a proposal draft', 7, '2018-10-28 01:14:40'),
(500, 'User SSHA saved a proposal draft', 7, '2018-10-28 01:15:05'),
(501, 'User SSHA saved a proposal draft', 7, '2018-10-28 01:15:11'),
(502, 'User SSHA saved a proposal draft', 7, '2018-10-28 01:16:08'),
(503, 'User SSHA saved a proposal draft', 7, '2018-10-28 01:17:21'),
(504, 'User SSHA saved a proposal draft', 7, '2018-10-28 01:23:59'),
(505, 'User SSHA saved a proposal draft', 7, '2018-10-28 01:24:11'),
(506, 'User SSHA saved a proposal draft', 7, '2018-10-28 01:25:19'),
(507, 'User SSHA saved a proposal draft', 7, '2018-10-28 01:26:46'),
(508, 'User SSHA saved a proposal draft', 7, '2018-10-28 01:27:03'),
(509, 'User SSHA saved a proposal draft', 7, '2018-10-28 01:32:39'),
(510, 'User SSHA saved a proposal draft', 7, '2018-10-28 01:38:44'),
(511, 'User SSHA saved a proposal draft', 7, '2018-10-28 01:39:07'),
(512, 'User SSHA saved a proposal draft', 7, '2018-10-28 01:39:42'),
(513, 'User SSHA saved a proposal draft', 7, '2018-10-28 01:39:56'),
(514, 'User SSHA saved a proposal draft', 7, '2018-10-28 01:40:01'),
(515, 'User SSHA saved a proposal draft', 7, '2018-10-28 01:40:06'),
(516, 'User SSHA saved a proposal draft', 7, '2018-10-28 01:40:24'),
(517, 'User SSHA saved a proposal draft', 7, '2018-10-28 01:41:43'),
(518, 'User SSHA saved a proposal draft', 7, '2018-10-28 01:41:54'),
(519, 'User SSHA saved a proposal draft', 7, '2018-10-28 01:42:46'),
(520, 'User SSHA saved a proposal draft', 7, '2018-10-28 01:43:51'),
(521, 'User SSHA saved a proposal draft', 7, '2018-10-28 01:44:06'),
(522, 'User SSHA saved a proposal draft', 7, '2018-10-28 01:44:42'),
(523, 'User SSHA saved a proposal draft', 7, '2018-10-28 01:45:04'),
(524, 'User SSHA saved a proposal draft', 7, '2018-10-28 01:45:20'),
(525, 'User SSHA saved a proposal draft', 7, '2018-10-28 01:45:32'),
(526, 'User SSHA saved a proposal draft', 7, '2018-10-28 01:45:47'),
(527, 'User SSHA saved a proposal draft', 7, '2018-10-28 01:46:11'),
(528, 'User SSHA saved a proposal draft', 7, '2018-10-28 01:46:17'),
(529, 'User SSHA saved a proposal draft', 7, '2018-10-28 01:47:16'),
(530, 'User SSHA saved a proposal draft', 7, '2018-10-28 01:48:15'),
(531, 'User SSHA saved a proposal draft', 7, '2018-10-28 01:48:21'),
(532, 'User SSHA saved a proposal draft', 7, '2018-10-28 01:48:50'),
(533, 'User SSHA saved a proposal draft', 7, '2018-10-28 01:48:55'),
(534, 'User SSHA saved a proposal draft', 7, '2018-10-28 01:49:08'),
(535, 'User SSHA saved a proposal draft', 7, '2018-10-28 01:50:58'),
(536, 'User SSHA saved a proposal draft', 7, '2018-10-28 01:57:38'),
(537, 'User SSHA saved a proposal draft', 7, '2018-10-28 01:57:40'),
(538, 'User SSHA saved a proposal draft', 7, '2018-10-28 01:57:40'),
(539, 'User SSHA saved a proposal draft', 7, '2018-10-28 01:57:40'),
(540, 'User SSHA saved a proposal draft', 7, '2018-10-28 01:57:40'),
(541, 'User SSHA saved a proposal draft', 7, '2018-10-28 01:57:40'),
(542, 'User SSHA saved a proposal draft', 7, '2018-10-28 01:57:40'),
(543, 'User SSHA saved a proposal draft', 7, '2018-10-28 01:57:40'),
(544, 'User SSHA saved a proposal draft', 7, '2018-10-28 01:57:41'),
(545, 'User SSHA saved a proposal draft', 7, '2018-10-28 01:57:41'),
(546, 'User SSHA saved a proposal draft', 7, '2018-10-28 01:57:41'),
(547, 'User SSHA saved a proposal draft', 7, '2018-10-28 02:00:32'),
(548, 'User SSHA saved a proposal draft', 7, '2018-10-28 02:00:35'),
(549, 'User SSHA logged out', 0, '2018-10-28 02:06:16'),
(550, 'User SSHA logged in', 1, '2018-10-28 02:06:19'),
(551, 'User SSHA saved a proposal draft', 7, '2018-10-28 02:12:41'),
(552, 'User SSHA saved a proposal draft', 7, '2018-10-28 02:19:36'),
(553, 'User SSHA saved a proposal draft', 7, '2018-10-28 02:19:44'),
(554, 'User SSHA saved a proposal draft', 7, '2018-10-28 02:20:23'),
(555, 'User SSHA saved a proposal draft', 7, '2018-10-28 02:20:42'),
(556, 'User SSHA saved a proposal draft', 7, '2018-10-28 02:21:05'),
(557, 'User SSHA saved a proposal draft', 7, '2018-10-28 02:21:10'),
(558, 'User SSHA saved a proposal draft', 7, '2018-10-28 02:48:15'),
(559, 'User SSHA saved a proposal draft', 7, '2018-10-28 02:48:58'),
(560, 'User SSHA saved a proposal draft', 7, '2018-10-28 02:49:07'),
(561, 'User SSHA saved a proposal draft', 7, '2018-10-28 02:49:28'),
(562, 'User SSHA saved a proposal draft', 7, '2018-10-28 02:49:41'),
(563, 'User SSHA saved a proposal draft', 7, '2018-10-28 02:50:24'),
(564, 'User SSHA saved a proposal draft', 7, '2018-10-28 02:50:51'),
(565, 'User SSHA saved a proposal draft', 7, '2018-10-28 02:51:14'),
(566, 'User SSHA saved a proposal draft', 7, '2018-10-28 02:51:23'),
(567, 'User SSHA saved a proposal draft', 7, '2018-10-28 02:51:33'),
(568, 'User SSHA saved a proposal draft', 7, '2018-10-28 02:52:08'),
(569, 'User SSHA saved a proposal draft', 7, '2018-10-28 02:52:14'),
(570, 'User SSHA saved a proposal draft', 7, '2018-10-28 02:52:39'),
(571, 'User SSHA saved a proposal draft', 7, '2018-10-28 02:52:59'),
(572, 'User SSHA saved a proposal draft', 7, '2018-10-28 02:53:20'),
(573, 'User SSHA saved a proposal draft', 7, '2018-10-28 02:53:51'),
(574, 'User SSHA saved a proposal draft', 7, '2018-10-28 02:54:11'),
(575, 'User SSHA saved a proposal draft', 7, '2018-10-28 02:59:16'),
(576, 'User S saved a proposal draft', 7, '2018-10-28 03:14:40'),
(577, 'User S saved a proposal draft', 7, '2018-10-28 03:16:01'),
(578, 'User S saved a proposal draft', 7, '2018-10-28 03:17:36'),
(579, 'User S saved a proposal draft', 7, '2018-10-28 03:18:21'),
(580, 'User S saved a proposal draft', 7, '2018-10-28 03:19:16'),
(581, 'User S saved a proposal draft', 7, '2018-10-28 03:20:27'),
(582, 'User S saved a proposal draft', 7, '2018-10-28 03:22:12'),
(583, 'User SSHA saved a proposal draft', 7, '2018-10-28 03:28:12'),
(584, 'User SSHA saved a proposal draft', 7, '2018-10-28 03:28:16'),
(585, 'User SSHA saved a proposal draft', 7, '2018-10-28 04:04:19'),
(586, 'User SSHA saved a proposal draft', 7, '2018-10-28 04:06:53'),
(587, 'User SSHA saved a proposal draft', 7, '2018-10-28 04:08:11'),
(588, 'User SSHA saved a proposal draft', 7, '2018-10-28 04:08:12'),
(589, 'User SSHA saved a proposal draft', 7, '2018-10-28 04:08:22'),
(590, 'User SSHA saved a proposal draft', 7, '2018-10-28 04:08:32'),
(591, 'User SSHA saved a proposal draft', 7, '2018-10-28 04:09:15'),
(592, 'User SSHA saved a proposal draft', 7, '2018-10-28 04:09:49'),
(593, 'User SSHA saved a proposal draft', 7, '2018-10-28 04:13:09'),
(594, 'User SSHA saved a proposal draft', 7, '2018-10-28 04:14:02'),
(595, 'User SSHA saved a proposal draft', 7, '2018-10-28 04:14:07'),
(596, 'User SSHA saved a proposal draft', 7, '2018-10-28 04:25:54'),
(597, 'User SSHA saved a proposal draft', 7, '2018-10-28 04:26:03'),
(598, 'User SSHA saved a proposal draft', 7, '2018-10-28 04:26:49'),
(599, 'User SSHA saved a proposal draft', 7, '2018-10-28 04:28:15'),
(600, 'User SSHA saved a proposal draft', 7, '2018-10-28 04:28:28'),
(601, 'User SSHA saved a proposal draft', 7, '2018-10-28 04:28:44'),
(602, 'User SSHA saved a proposal draft', 7, '2018-10-28 04:28:59'),
(603, 'User SSHA saved a proposal draft', 7, '2018-10-28 04:29:23'),
(604, 'User SSHA saved a proposal draft', 7, '2018-10-28 04:29:35'),
(605, 'User SSHA saved a proposal draft', 7, '2018-10-28 04:29:57'),
(606, 'User SSHA saved a proposal draft', 7, '2018-10-28 04:30:10'),
(607, 'User SSHA saved a proposal draft', 7, '2018-10-28 04:34:07'),
(608, 'User SSHA saved a proposal draft', 7, '2018-10-28 04:36:36'),
(609, 'User SSHA saved a proposal draft', 7, '2018-10-28 04:37:01'),
(610, 'User SSHA saved a proposal draft', 7, '2018-10-28 04:37:16'),
(611, 'User SSHA saved a proposal draft', 7, '2018-10-28 04:38:12'),
(612, 'User SSHA saved a proposal draft', 7, '2018-10-28 04:38:24'),
(613, 'User SSHA saved a proposal draft', 7, '2018-10-28 04:39:05'),
(614, 'User SSHA saved a proposal draft', 7, '2018-10-28 04:39:15'),
(615, 'User SSHA saved a proposal draft', 7, '2018-10-28 04:39:27'),
(616, 'User SSHA saved a proposal draft', 7, '2018-10-28 04:41:27'),
(617, 'User SSHA saved a proposal draft', 7, '2018-10-28 04:41:38'),
(618, 'User SSHA saved a proposal draft', 7, '2018-10-28 04:41:49'),
(619, 'User SSHA created the proposal 9412', 8, '2018-10-28 04:43:50'),
(620, 'User SSHA saved a proposal draft', 7, '2018-10-28 04:45:45'),
(621, 'User SSHA saved a proposal draft', 7, '2018-10-28 04:45:53'),
(622, 'User SSHA created the proposal 7045', 8, '2018-10-28 04:46:15'),
(623, 'User SSHA saved a proposal draft', 7, '2018-10-28 04:46:34'),
(624, 'User SSHA saved a proposal draft', 7, '2018-10-28 04:46:50'),
(625, 'User SSHA saved a proposal draft', 7, '2018-10-28 04:53:54'),
(626, 'User SSHA saved a proposal draft', 7, '2018-10-28 04:54:11'),
(627, 'User SSHA saved a proposal draft', 7, '2018-10-28 04:54:17'),
(628, 'User SSHA saved a proposal draft', 7, '2018-10-28 04:54:46'),
(629, 'User SSHA saved a proposal draft', 7, '2018-10-28 04:55:09'),
(630, 'User SSHA saved a proposal draft', 7, '2018-10-28 04:55:36'),
(631, 'User SSHA saved a proposal draft', 7, '2018-10-28 04:56:41'),
(632, 'User SSHA saved a proposal draft', 7, '2018-10-28 04:56:52'),
(633, 'User SSHA saved a proposal draft', 7, '2018-10-28 04:56:56'),
(634, 'User SSHA deleted a draft proposal', 11, '2018-10-28 05:00:54'),
(635, 'User SSHA deleted a draft proposal', 11, '2018-10-28 05:00:58'),
(636, 'User SSHA deleted a draft proposal', 11, '2018-10-28 05:01:01'),
(637, 'User SSHA deleted a draft proposal', 11, '2018-10-28 05:01:04'),
(638, 'User SSHA created the proposal 8321', 8, '2018-10-28 05:02:06'),
(639, 'User SSHA created the proposal 5530', 8, '2018-10-28 05:02:16'),
(640, 'User SSHA saved a proposal draft', 7, '2018-10-28 05:08:24'),
(641, 'User SSHA saved a proposal draft', 7, '2018-10-28 05:21:21'),
(642, 'User SSHA saved a proposal draft', 7, '2018-10-28 05:31:55'),
(643, 'User SSHA saved a proposal draft', 7, '2018-10-28 05:32:10'),
(644, 'User SSHA saved a proposal draft', 7, '2018-10-28 05:32:14'),
(645, 'User SSHA saved a proposal draft', 7, '2018-10-28 05:32:41'),
(646, 'User SSHA saved a proposal draft', 7, '2018-10-28 05:32:52'),
(647, 'User SSHA created the proposal 8114', 8, '2018-10-28 05:58:27'),
(648, 'User SSHA saved a proposal draft', 7, '2018-10-28 06:02:16'),
(649, 'User SSHA saved a proposal draft', 7, '2018-10-28 06:03:14'),
(650, 'User BITS logged in', 1, '2018-10-29 11:46:34'),
(651, 'User BITS logged out', 0, '2018-10-29 11:47:38'),
(652, 'User PSSBU logged in', 1, '2018-10-29 11:48:14'),
(653, 'User PSSBU created the proposal 3457', 8, '2018-10-29 11:48:34'),
(654, 'User PSSBU saved a proposal draft', 7, '2018-10-29 11:48:46'),
(655, 'User PSSBU saved a proposal draft', 7, '2018-10-29 11:48:55'),
(656, 'User PSSBU saved a proposal draft', 7, '2018-10-29 11:49:05'),
(657, 'User PSSBU saved a proposal draft', 7, '2018-10-29 11:49:13'),
(658, 'User PSSBU saved a proposal draft', 7, '2018-10-29 11:50:01'),
(659, 'User PSSBU saved a proposal draft', 7, '2018-10-29 12:18:29'),
(660, 'User PSSBU saved a proposal draft', 7, '2018-10-29 12:18:39'),
(661, 'User PSSBU saved a proposal draft', 7, '2018-10-29 01:11:22'),
(662, 'User PSSBU logged out', 0, '2018-10-29 01:12:24'),
(663, 'User SSHA logged in', 1, '2018-10-30 08:32:14'),
(664, 'User SSHA saved a proposal draft', 7, '2018-10-30 08:32:50'),
(665, 'User SSHA saved a proposal draft', 7, '2018-10-30 08:34:17'),
(666, 'User SSHA saved a proposal draft', 7, '2018-10-30 09:00:12'),
(667, 'User SSHA saved a proposal draft', 7, '2018-10-30 09:00:24'),
(668, 'User SSHA saved a proposal draft', 7, '2018-10-30 09:01:47'),
(669, 'User SSHA saved a proposal draft', 7, '2018-10-30 09:01:56'),
(670, 'User SSHA logged out', 0, '2018-10-30 09:10:21'),
(671, 'User BITS logged in', 1, '2018-10-30 09:10:25'),
(672, 'User BITS created the proposal 9872', 8, '2018-10-30 09:12:37'),
(673, 'User BITS saved a proposal draft', 7, '2018-10-30 09:14:25'),
(674, 'User BITS saved a proposal draft', 7, '2018-10-30 09:17:00'),
(675, 'User BITS deleted a draft proposal', 11, '2018-10-30 09:17:17'),
(676, 'User BITS deleted a draft proposal', 11, '2018-10-30 09:23:59'),
(677, 'User BITS deleted a draft proposal', 11, '2018-10-30 09:24:37'),
(678, 'User BITS deleted a draft proposal', 11, '2018-10-30 09:24:46'),
(679, 'User BITS created the proposal 9947', 8, '2018-10-30 09:25:05'),
(680, 'User BITS saved a proposal draft', 7, '2018-10-30 09:25:15'),
(681, 'User BITS saved a proposal draft', 7, '2018-10-30 09:25:21'),
(682, 'User BITS saved a proposal draft', 7, '2018-10-30 09:25:28'),
(683, 'User BITS logged out', 0, '2018-10-30 09:27:29'),
(684, 'User BITS logged in', 1, '2018-10-30 09:27:34'),
(685, 'User BITS deleted a draft proposal', 11, '2018-10-30 09:27:43');

-- --------------------------------------------------------

--
-- Table structure for table `operating_expenses`
--

CREATE TABLE IF NOT EXISTS `operating_expenses` (
  `OE_ID` varchar(50) NOT NULL,
  `Proposal_ID` varchar(50) NOT NULL,
  `Account_ID` varchar(50) NOT NULL,
  `Item` text NOT NULL,
  `Quantity` double NOT NULL,
  `Unit_Price` double NOT NULL,
  `Total_Amount` double NOT NULL,
  `Source` text NOT NULL,
  `ProposalStatus` text NOT NULL,
  `OfficeProposal` text NOT NULL
) ENGINE=InnoDB DEFAULT CHARSET=latin1;

-- --------------------------------------------------------

--
-- Table structure for table `proposal_tracker`
--

CREATE TABLE IF NOT EXISTS `proposal_tracker` (
  `Proposal_ID` varchar(30) NOT NULL,
  `Account_ID` varchar(30) NOT NULL,
  `SC_TR` text NOT NULL,
  `SC_SG` text NOT NULL,
  `SC_P` text NOT NULL,
  `OPSA_APP` text NOT NULL,
  `OPSA_APN` text NOT NULL,
  `OPSA_P` text NOT NULL,
  `OD` text NOT NULL
) ENGINE=InnoDB DEFAULT CHARSET=latin1;

--
-- Dumping data for table `proposal_tracker`
--

INSERT INTO `proposal_tracker` (`Proposal_ID`, `Account_ID`, `SC_TR`, `SC_SG`, `SC_P`, `OPSA_APP`, `OPSA_APN`, `OPSA_P`, `OD`) VALUES
('4969', 'BITS', '', 'APPROVED', 'PENDING', '', '', '', ''),
('9074', 'BITS', '', 'APPROVED', 'APPROVED', 'APPROVED', '', 'APPROVED', 'APPROVED'),
('1407', 'BITS', '', 'APPROVED', 'PENDING', '', '', '', ''),
('5275', 'SBRL', '', 'PENDING', '', '', '', '', ''),
('1941', 'BBS', '', 'PENDING', '', '', '', '', '');

-- --------------------------------------------------------

--
-- Table structure for table `timestamp`
--

CREATE TABLE IF NOT EXISTS `timestamp` (
  `Proposal_ID` varchar(10) NOT NULL,
  `DateProposed` text NOT NULL,
  `SC_TR_TimeIn` text NOT NULL,
  `SC_SG_TimeIn` text NOT NULL,
  `SC_P_TimeIn` text NOT NULL,
  `OPSA_APP_TimeIn` text NOT NULL,
  `OPSA_APN_TimeIn` text NOT NULL,
  `OPSA_P_TimeIn` text NOT NULL,
  `OD_TimeIn` text NOT NULL,
  `TimeApproved` text NOT NULL
) ENGINE=InnoDB DEFAULT CHARSET=latin1;

--
-- Dumping data for table `timestamp`
--

INSERT INTO `timestamp` (`Proposal_ID`, `DateProposed`, `SC_TR_TimeIn`, `SC_SG_TimeIn`, `SC_P_TimeIn`, `OPSA_APP_TimeIn`, `OPSA_APN_TimeIn`, `OPSA_P_TimeIn`, `OD_TimeIn`, `TimeApproved`) VALUES
('4969', '2018-10-12', '', '2018-10-19 12:16:47pm', '00-00-0000 00:00:00am', '', '', '', '', ''),
('9074', '2018-10-12', '', '2018-10-19 12:08:21pm', '2018-10-12 01:04:07pm', '2018-10-18 07:54:12pm', '', '2018-10-18 07:54:34pm', '2018-10-18 07:55:04pm', '2018-10-18 07:55:03pm'),
('9545', '2018-10-12', '', '', '', '', '', '', '', ''),
('9474', '2018-10-12', '', '', '', '', '', '', '', ''),
('9589', '2018-10-17', '', '', '', '', '', '', '', ''),
('8071', '2018-10-24', '', '', '', '', '', '', '', ''),
('1407', '2018-10-24', '', '2018-10-26 11:45:04am', '00-00-0000 00:00:00am', '', '', '', '', ''),
('8891', '2018-10-24', '', '', '', '', '', '', '', ''),
('5275', '2018-10-26', '', '2018-10-26 12:49:50pm', '', '', '', '', '', ''),
('1941', '2018-10-26', '', '', '', '', '', '', '', ''),
('8321', '2018-10-28', '', '', '', '', '', '', '', ''),
('5530', '2018-10-28', '', '', '', '', '', '', '', ''),
('8114', '2018-10-30', '', '', '', '', '', '', '', ''),
('3457', '2018-10-29', '', '', '', '', '', '', '', '');

--
-- Indexes for dumped tables
--

--
-- Indexes for table `accounts`
--
ALTER TABLE `accounts`
  ADD PRIMARY KEY (`Account_ID`),
  ADD KEY `Account_ID` (`Account_ID`);

--
-- Indexes for table `activity_proposal`
--
ALTER TABLE `activity_proposal`
  ADD PRIMARY KEY (`Proposal_ID`),
  ADD KEY `Account_ID` (`Account_ID`);

--
-- Indexes for table `admin`
--
ALTER TABLE `admin`
  ADD PRIMARY KEY (`Admin_ID`);

--
-- Indexes for table `ci_sessions`
--
ALTER TABLE `ci_sessions`
  ADD KEY `ci_sessions_timestamp` (`timestamp`);

--
-- Indexes for table `comments`
--
ALTER TABLE `comments`
  ADD PRIMARY KEY (`CommentID`),
  ADD KEY `Proposal_ID` (`Proposal_ID`),
  ADD KEY `Account_ID` (`Account_ID`);

--
-- Indexes for table `fixed_assets_requirements`
--
ALTER TABLE `fixed_assets_requirements`
  ADD PRIMARY KEY (`Far_ID`),
  ADD KEY `Proposal_ID` (`Proposal_ID`),
  ADD KEY `Account_ID` (`Account_ID`);

--
-- Indexes for table `log`
--
ALTER TABLE `log`
  ADD PRIMARY KEY (`LogID`);

--
-- Indexes for table `operating_expenses`
--
ALTER TABLE `operating_expenses`
  ADD PRIMARY KEY (`OE_ID`),
  ADD KEY `Proposal_ID` (`Proposal_ID`,`Account_ID`),
  ADD KEY `Account_ID` (`Account_ID`);

--
-- Indexes for table `proposal_tracker`
--
ALTER TABLE `proposal_tracker`
  ADD KEY `Proposal_ID` (`Proposal_ID`);

--
-- Indexes for table `timestamp`
--
ALTER TABLE `timestamp`
  ADD KEY `Proposal_ID` (`Proposal_ID`);

--
-- AUTO_INCREMENT for dumped tables
--

--
-- AUTO_INCREMENT for table `log`
--
ALTER TABLE `log`
  MODIFY `LogID` int(11) NOT NULL AUTO_INCREMENT,AUTO_INCREMENT=686;
--
-- Constraints for dumped tables
--

--
-- Constraints for table `activity_proposal`
--
ALTER TABLE `activity_proposal`
  ADD CONSTRAINT `activity_proposal_ibfk_1` FOREIGN KEY (`Account_ID`) REFERENCES `accounts` (`Account_ID`) ON DELETE CASCADE ON UPDATE CASCADE;

--
-- Constraints for table `comments`
--
ALTER TABLE `comments`
  ADD CONSTRAINT `comments_ibfk_1` FOREIGN KEY (`Proposal_ID`) REFERENCES `activity_proposal` (`Proposal_ID`) ON DELETE CASCADE ON UPDATE CASCADE,
  ADD CONSTRAINT `comments_ibfk_2` FOREIGN KEY (`Account_ID`) REFERENCES `accounts` (`Account_ID`) ON DELETE CASCADE ON UPDATE CASCADE;

--
-- Constraints for table `fixed_assets_requirements`
--
ALTER TABLE `fixed_assets_requirements`
  ADD CONSTRAINT `fixed_assets_requirements_ibfk_1` FOREIGN KEY (`Account_ID`) REFERENCES `accounts` (`Account_ID`) ON DELETE NO ACTION ON UPDATE NO ACTION,
  ADD CONSTRAINT `fixed_assets_requirements_ibfk_2` FOREIGN KEY (`Proposal_ID`) REFERENCES `activity_proposal` (`Proposal_ID`) ON DELETE CASCADE ON UPDATE CASCADE;

--
-- Constraints for table `operating_expenses`
--
ALTER TABLE `operating_expenses`
  ADD CONSTRAINT `operating_expenses_ibfk_1` FOREIGN KEY (`Account_ID`) REFERENCES `accounts` (`Account_ID`) ON DELETE CASCADE ON UPDATE CASCADE,
  ADD CONSTRAINT `operating_expenses_ibfk_2` FOREIGN KEY (`Proposal_ID`) REFERENCES `activity_proposal` (`Proposal_ID`) ON DELETE CASCADE ON UPDATE CASCADE;

--
-- Constraints for table `proposal_tracker`
--
ALTER TABLE `proposal_tracker`
  ADD CONSTRAINT `proposal_tracker_ibfk_1` FOREIGN KEY (`Proposal_ID`) REFERENCES `activity_proposal` (`Proposal_ID`) ON DELETE CASCADE ON UPDATE CASCADE;

--
-- Constraints for table `timestamp`
--
ALTER TABLE `timestamp`
  ADD CONSTRAINT `timestamp_ibfk_1` FOREIGN KEY (`Proposal_ID`) REFERENCES `activity_proposal` (`Proposal_ID`) ON DELETE CASCADE ON UPDATE CASCADE;

/*!40101 SET CHARACTER_SET_CLIENT=@OLD_CHARACTER_SET_CLIENT */;
/*!40101 SET CHARACTER_SET_RESULTS=@OLD_CHARACTER_SET_RESULTS */;
/*!40101 SET COLLATION_CONNECTION=@OLD_COLLATION_CONNECTION */;
